vid1268.avi;29.97;300;(640, 480);(640, 480)
vid66.avi;29.92;300;(1920, 1080);(1920, 1080)
vid1619.avi;24.0;193;(640, 424);(640, 424)
vid1776.avi;29.97;300;(590, 448);(590, 448)
vid1139.avi;29.97;510;(640, 480);(640, 480)
vid1281.avi;59.92;240;(720, 480);(720, 480)
vid1205.avi;30.0;241;(480, 360);(480, 360)
vid261.avi;24.0;265;(240, 180);(240, 180)
vid1316.avi;29.97;600;(480, 360);(480, 360)
vid887.avi;25.0;302;(480, 360);(480, 360)
vid1497.avi;59.92;360;(640, 360);(640, 360)
vid986.avi;25.17;177;(384, 288);(384, 288)
vid362.avi;25.0;76;(384, 288);(384, 288)
vid634.avi;29.97;180;(1280, 720);(1280, 720)
vid1047.avi;29.97;300;(480, 360);(480, 360)
vid477.avi;25.0;101;(400, 320);(400, 320)
vid1461.avi;15.0;166;(320, 240);(320, 240)
vid585.avi;20.0;93;(480, 360);(480, 360)
vid651.avi;25.0;351;(320, 240);(320, 240)
vid1839.avi;15.0;451;(320, 240);(320, 240)
vid1066.avi;14.93;221;(320, 240);(320, 240)
vid414.avi;23.98;288;(560, 316);(560, 316)
vid629.avi;29.92;180;(640, 360);(640, 360)
vid827.avi;29.97;300;(320, 240);(320, 240)
vid1584.avi;30.0;151;(960, 720);(960, 720)
vid1032.avi;29.92;180;(320, 240);(320, 240)
vid67.avi;29.97;120;(1280, 720);(1280, 720)
vid1057.avi;29.97;300;(640, 360);(640, 360)
vid431.avi;29.97;240;(480, 360);(480, 360)
vid1453.avi;29.97;540;(320, 240);(320, 240)
vid1262.avi;25.0;151;(288, 160);(288, 160)
vid1217.avi;29.92;360;(854, 480);(854, 480)
vid1152.avi;23.98;552;(854, 480);(854, 480)
vid924.avi;29.97;270;(384, 240);(384, 240)
vid543.avi;25.0;101;(512, 290);(512, 290)
vid1730.avi;29.97;390;(632, 480);(632, 480)
vid1129.avi;30.0;301;(320, 240);(320, 240)
vid239.avi;29.97;240;(1280, 720);(1280, 720)
vid1412.avi;29.97;180;(320, 240);(320, 240)
vid242.avi;29.97;150;(1920, 1080);(1920, 1080)
vid79.avi;29.97;150;(1280, 720);(1280, 720)
vid1667.avi;30.0;721;(640, 480);(640, 480)
vid917.avi;25.0;501;(484, 360);(484, 360)
vid692.avi;30.0;181;(320, 240);(320, 240)
vid888.avi;13.92;140;(640, 480);(640, 480)
vid505.avi;29.97;300;(480, 360);(480, 360)
vid1647.avi;23.98;192;(320, 240);(320, 240)
vid16.avi;59.92;420;(640, 360);(640, 360)
vid509.avi;29.92;270;(640, 256);(640, 256)
vid1391.avi;14.99;150;(384, 288);(384, 288)
vid1025.avi;29.92;120;(320, 240);(320, 240)
vid1125.avi;29.92;360;(1280, 720);(1280, 720)
vid315.avi;25.0;151;(640, 480);(640, 480)
vid869.avi;30.0;241;(480, 360);(480, 360)
vid1416.avi;30.0;181;(360, 180);(360, 180)
vid1378.avi;29.97;150;(640, 360);(640, 360)
vid825.avi;30.0;241;(322, 240);(322, 240)
vid266.avi;43.83;334;(480, 360);(480, 360)
vid1256.avi;14.99;165;(384, 288);(384, 288)
vid750.avi;29.97;240;(320, 240);(320, 240)
vid655.avi;29.97;450;(320, 240);(320, 240)
vid1698.avi;7.92;64;(240, 180);(240, 180)
vid841.avi;29.92;150;(320, 240);(320, 240)
vid118.avi;29.97;300;(640, 360);(640, 360)
vid1593.avi;29.97;90;(322, 240);(322, 240)
vid1166.avi;29.92;150;(640, 480);(640, 480)
vid102.avi;29.92;270;(320, 240);(320, 240)
vid1847.avi;15.0;91;(640, 480);(640, 480)
vid473.avi;29.97;90;(450, 338);(450, 338)
vid730.avi;15.0;226;(192, 144);(192, 144)
vid525.avi;29.97;240;(320, 240);(320, 240)
vid906.avi;29.92;389;(1280, 720);(1280, 720)
vid197.avi;59.92;480;(720, 406);(720, 406)
vid1544.avi;30.0;571;(480, 360);(480, 360)
vid209.avi;29.97;240;(1280, 720);(1280, 720)
vid1213.avi;15.0;121;(320, 240);(320, 240)
vid1630.avi;29.97;180;(1280, 720);(1280, 720)
vid950.avi;29.97;150;(1280, 720);(1280, 720)
vid1618.avi;25.0;176;(384, 288);(384, 288)
vid1919.avi;29.92;150;(480, 360);(480, 360)
vid1141.avi;29.97;240;(1280, 720);(1280, 720)
vid920.avi;25.0;126;(484, 360);(484, 360)
vid496.avi;25.0;101;(320, 240);(320, 240)
vid1110.avi;29.97;270;(320, 214);(320, 214)
vid1255.avi;25.0;428;(480, 360);(480, 360)
vid1118.avi;29.92;300;(640, 480);(640, 480)
vid1235.avi;29.97;210;(1280, 720);(1280, 720)
vid1533.avi;30.0;121;(854, 480);(854, 480)
vid1952.avi;29.97;510;(640, 480);(640, 480)
vid1146.avi;29.97;330;(1280, 720);(1280, 720)
vid1878.avi;29.97;240;(640, 480);(640, 480)
vid1532.avi;25.0;76;(480, 360);(480, 360)
vid1796.avi;29.97;390;(320, 240);(320, 240)
vid1374.avi;29.97;150;(640, 360);(640, 360)
vid1089.avi;29.97;330;(352, 288);(352, 288)
vid1103.avi;15.0;181;(320, 240);(320, 240)
vid1597.avi;29.97;240;(1280, 720);(1280, 720)
vid138.avi;29.97;180;(492, 360);(492, 360)
vid254.avi;29.97;150;(640, 360);(640, 360)
vid1501.avi;25.0;126;(600, 480);(600, 480)
vid988.avi;29.97;540;(854, 480);(854, 480)
vid1091.avi;59.92;959;(640, 480);(640, 480)
vid1423.avi;11.99;96;(384, 288);(384, 288)
vid1274.avi;30.0;1441;(320, 240);(320, 240)
vid623.avi;29.92;150;(640, 360);(640, 360)
vid232.avi;59.92;180;(320, 240);(320, 240)
vid1473.avi;30.0;91;(480, 360);(480, 360)
vid575.avi;29.97;300;(320, 240);(320, 240)
vid1392.avi;14.99;105;(384, 288);(384, 288)
vid46.avi;25.0;176;(1280, 720);(1280, 720)
vid1587.avi;15.0;106;(320, 240);(320, 240)
vid1347.avi;30.0;151;(450, 338);(450, 338)
vid1009.avi;25.0;376;(384, 288);(384, 288)
vid536.avi;30.0;271;(854, 478);(854, 478)
vid43.avi;29.92;539;(320, 240);(320, 240)
vid636.avi;30.0;301;(320, 240);(320, 240)
vid171.avi;29.97;150;(320, 240);(320, 240)
vid1526.avi;29.97;240;(1280, 720);(1280, 720)
vid1475.avi;57.17;729;(480, 360);(480, 360)
vid464.avi;29.97;270;(540, 360);(540, 360)
vid823.avi;29.97;240;(640, 480);(640, 480)
vid163.avi;29.92;240;(720, 480);(720, 480)
vid194.avi;29.97;240;(320, 240);(320, 240)
vid1793.avi;25.0;151;(480, 360);(480, 360)
vid27.avi;29.97;240;(448, 338);(448, 338)
vid521.avi;30.0;293;(480, 360);(480, 360)
vid51.avi;15.0;136;(320, 240);(320, 240)
vid1625.avi;30.0;301;(320, 240);(320, 240)
vid916.avi;25.0;251;(484, 360);(484, 360)
vid1934.avi;29.97;300;(320, 240);(320, 240)
vid260.avi;30.0;541;(480, 360);(480, 360)
vid152.avi;29.97;150;(640, 272);(640, 272)
vid500.avi;29.92;449;(322, 240);(322, 240)
vid1723.avi;30.0;56;(480, 360);(480, 360)
vid1208.avi;25.0;226;(384, 288);(384, 288)
vid1790.avi;29.97;120;(480, 360);(480, 360)
vid90.avi;29.92;210;(320, 240);(320, 240)
vid695.avi;29.92;357;(320, 240);(320, 240)
vid1897.avi;23.98;120;(608, 256);(608, 256)
vid989.avi;29.97;180;(640, 466);(640, 466)
vid1331.avi;29.97;150;(640, 480);(640, 480)
vid681.avi;29.97;150;(654, 480);(654, 480)
vid501.avi;29.92;330;(322, 240);(322, 240)
vid178.avi;15.0;181;(320, 240);(320, 240)
vid537.avi;29.92;180;(1280, 720);(1280, 720)
vid1825.avi;25.0;201;(640, 480);(640, 480)
vid479.avi;29.97;240;(1280, 720);(1280, 720)
vid1535.avi;29.97;180;(1280, 720);(1280, 720)
vid1503.avi;29.97;180;(320, 240);(320, 240)
vid1165.avi;29.97;870;(426, 318);(426, 318)
vid275.avi;30.0;151;(320, 240);(320, 240)
vid1301.avi;15.0;181;(320, 240);(320, 240)
vid1969.avi;25.0;179;(480, 360);(480, 360)
vid1136.avi;59.92;360;(640, 360);(640, 360)
vid858.avi;29.97;420;(320, 240);(320, 240)
vid1906.avi;23.98;72;(608, 256);(608, 256)
vid31.avi;29.97;270;(320, 240);(320, 240)
vid697.avi;29.97;210;(640, 360);(640, 360)
vid1476.avi;25.0;201;(384, 288);(384, 288)
vid61.avi;29.97;180;(630, 468);(630, 468)
vid1315.avi;25.0;151;(400, 226);(400, 226)
vid334.avi;25.0;176;(480, 360);(480, 360)
vid957.avi;29.97;150;(1280, 720);(1280, 720)
vid383.avi;59.92;300;(640, 360);(640, 360)
vid862.avi;24.65;420;(320, 240);(320, 240)
vid1238.avi;25.0;251;(320, 240);(320, 240)
vid652.avi;14.99;90;(320, 240);(320, 240)
vid1167.avi;28.25;227;(640, 480);(640, 480)
vid459.avi;30.0;391;(270, 360);(270, 360)
vid973.avi;49.92;350;(640, 480);(640, 480)
vid32.avi;29.97;120;(320, 240);(320, 240)
vid471.avi;25.0;676;(320, 240);(320, 240)
vid1645.avi;29.97;588;(480, 360);(480, 360)
vid1336.avi;30.0;241;(432, 360);(432, 360)
vid1849.avi;30.0;331;(480, 360);(480, 360)
vid913.avi;29.92;539;(1280, 720);(1280, 720)
vid1855.avi;29.97;1799;(320, 240);(320, 240)
vid1877.avi;29.92;569;(320, 240);(320, 240)
vid435.avi;29.97;483;(1920, 1080);(1920, 1080)
vid771.avi;30.0;421;(480, 360);(480, 360)
vid186.avi;29.97;90;(320, 240);(320, 240)
vid1592.avi;29.97;60;(322, 240);(322, 240)
vid399.avi;29.97;210;(320, 240);(320, 240)
vid1333.avi;29.97;600;(450, 360);(450, 360)
vid1324.avi;30.0;451;(480, 360);(480, 360)
vid358.avi;29.97;360;(1280, 720);(1280, 720)
vid1288.avi;29.97;300;(1280, 720);(1280, 720)
vid614.avi;25.0;101;(640, 352);(640, 352)
vid1471.avi;59.92;720;(640, 480);(640, 480)
vid397.avi;29.97;330;(352, 240);(352, 240)
vid1568.avi;11.99;96;(384, 288);(384, 288)
vid1789.avi;29.97;120;(480, 360);(480, 360)
vid745.avi;31.33;345;(480, 360);(480, 360)
vid1496.avi;59.92;300;(640, 360);(640, 360)
vid768.avi;30.0;421;(640, 480);(640, 480)
vid1688.avi;30.0;511;(320, 240);(320, 240)
vid478.avi;29.97;300;(640, 360);(640, 360)
vid728.avi;25.0;176;(640, 360);(640, 360)
vid661.avi;29.97;510;(640, 480);(640, 480)
vid1965.avi;30.0;1141;(480, 360);(480, 360)
vid741.avi;29.75;298;(640, 480);(640, 480)
vid1642.avi;29.97;210;(540, 360);(540, 360)
vid1588.avi;29.97;270;(322, 240);(322, 240)
vid1172.avi;14.99;270;(480, 360);(480, 360)
vid1090.avi;59.92;660;(640, 480);(640, 480)
vid87.avi;29.92;150;(320, 240);(320, 240)
vid83.avi;29.92;210;(320, 240);(320, 240)
vid1241.avi;15.0;166;(320, 240);(320, 240)
vid1523.avi;25.0;251;(640, 480);(640, 480)
vid1929.avi;29.97;420;(1280, 720);(1280, 720)
vid673.avi;29.97;150;(1280, 720);(1280, 720)
vid1520.avi;25.0;151;(420, 288);(420, 288)
vid1028.avi;29.92;240;(320, 240);(320, 240)
vid1652.avi;51.92;364;(540, 360);(540, 360)
vid1086.avi;11.99;108;(320, 180);(320, 180)
vid1381.avi;29.97;150;(640, 360);(640, 360)
vid743.avi;29.97;210;(320, 240);(320, 240)
vid433.avi;29.92;449;(720, 480);(720, 480)
vid943.avi;29.97;210;(720, 480);(720, 480)
vid34.avi;29.97;180;(720, 480);(720, 480)
vid1278.avi;25.0;201;(480, 360);(480, 360)
vid871.avi;29.97;300;(640, 480);(640, 480)
vid1345.avi;29.97;150;(1280, 720);(1280, 720)
vid1382.avi;29.97;210;(320, 240);(320, 240)
vid1171.avi;24.0;361;(1280, 720);(1280, 720)
vid1097.avi;29.97;450;(640, 352);(640, 352)
vid1198.avi;29.97;180;(1280, 720);(1280, 720)
vid127.avi;15.0;121;(320, 240);(320, 240)
vid1913.avi;29.97;300;(320, 240);(320, 240)
vid15.avi;59.92;420;(640, 360);(640, 360)
vid565.avi;29.97;420;(426, 240);(426, 240)
vid1014.avi;30.0;929;(640, 480);(640, 480)
vid1479.avi;59.92;360;(640, 360);(640, 360)
vid270.avi;49.92;149;(640, 480);(640, 480)
vid162.avi;25.0;151;(480, 360);(480, 360)
vid189.avi;30.0;301;(480, 360);(480, 360)
vid1458.avi;29.97;450;(320, 240);(320, 240)
vid1968.avi;29.97;180;(1280, 720);(1280, 720)
vid86.avi;29.92;90;(320, 240);(320, 240)
vid1361.avi;23.98;96;(480, 360);(480, 360)
vid885.avi;25.0;301;(640, 356);(640, 356)
vid1434.avi;30.0;301;(360, 240);(360, 240)
vid427.avi;29.97;780;(480, 360);(480, 360)
vid158.avi;29.97;150;(640, 272);(640, 272)
vid349.avi;29.97;210;(1280, 720);(1280, 720)
vid1600.avi;15.0;376;(320, 240);(320, 240)
vid128.avi;29.97;270;(320, 240);(320, 240)
vid1907.avi;30.0;301;(640, 480);(640, 480)
vid968.avi;30.0;511;(640, 480);(640, 480)
vid1506.avi;29.97;300;(320, 240);(320, 240)
vid719.avi;29.92;748;(480, 360);(480, 360)
vid200.avi;30.0;361;(640, 480);(640, 480)
vid965.avi;29.97;330;(640, 360);(640, 360)
vid129.avi;14.99;150;(320, 240);(320, 240)
vid432.avi;24.0;241;(544, 360);(544, 360)
vid1864.avi;29.97;300;(1280, 720);(1280, 720)
vid1742.avi;30.0;181;(1280, 720);(1280, 720)
vid354.avi;25.0;201;(640, 360);(640, 360)
vid1335.avi;29.97;180;(492, 360);(492, 360)
vid249.avi;29.92;449;(320, 240);(320, 240)
vid62.avi;29.92;240;(720, 480);(720, 480)
vid187.avi;25.0;176;(320, 240);(320, 240)
vid1717.avi;24.0;169;(1280, 720);(1280, 720)
vid100.avi;29.92;90;(320, 240);(320, 240)
vid1598.avi;29.97;150;(1280, 720);(1280, 720)
vid1928.avi;14.99;105;(320, 240);(320, 240)
vid1531.avi;30.0;151;(320, 240);(320, 240)
vid1069.avi;29.92;300;(480, 360);(480, 360)
vid1051.avi;14.99;150;(320, 180);(320, 180)
vid135.avi;30.0;151;(480, 360);(480, 360)
vid1426.avi;29.97;210;(608, 358);(608, 358)
vid207.avi;29.97;150;(640, 480);(640, 480)
vid1869.avi;29.97;390;(320, 240);(320, 240)
vid646.avi;29.96;300;(1280, 720);(1280, 720)
vid1931.avi;29.97;930;(1280, 720);(1280, 720)
vid480.avi;29.97;330;(320, 240);(320, 240)
vid555.avi;15.0;76;(320, 240);(320, 240)
vid372.avi;29.92;120;(1280, 720);(1280, 720)
vid679.avi;25.0;176;(640, 360);(640, 360)
vid370.avi;29.92;838;(480, 360);(480, 360)
vid1360.avi;29.97;240;(1280, 720);(1280, 720)
vid381.avi;59.92;180;(640, 360);(640, 360)
vid702.avi;29.97;180;(1280, 720);(1280, 720)
vid792.avi;30.0;571;(640, 480);(640, 480)
vid835.avi;29.92;210;(320, 240);(320, 240)
vid1468.avi;25.0;1126;(320, 240);(320, 240)
vid35.avi;24.0;361;(544, 360);(544, 360)
vid979.avi;29.97;450;(640, 480);(640, 480)
vid1505.avi;29.97;120;(320, 240);(320, 240)
vid1164.avi;29.97;750;(320, 240);(320, 240)
vid1514.avi;25.0;126;(320, 182);(320, 182)
vid26.avi;29.92;150;(1280, 720);(1280, 720)
vid1488.avi;59.92;240;(640, 360);(640, 360)
vid1108.avi;29.92;300;(320, 240);(320, 240)
vid1737.avi;25.0;126;(320, 240);(320, 240)
vid550.avi;25.0;101;(854, 480);(854, 480)
vid225.avi;25.0;176;(480, 360);(480, 360)
vid1224.avi;24.0;193;(544, 360);(544, 360)
vid710.avi;24.0;97;(320, 240);(320, 240)
vid1406.avi;13.0;183;(480, 360);(480, 360)
vid1805.avi;25.0;175;(1280, 720);(1280, 720)
vid133.avi;29.97;780;(640, 480);(640, 480)
vid1218.avi;29.97;270;(480, 360);(480, 360)
vid563.avi;29.97;270;(640, 480);(640, 480)
vid1586.avi;23.98;120;(480, 360);(480, 360)
vid1850.avi;14.99;90;(320, 240);(320, 240)
vid1098.avi;25.0;301;(320, 240);(320, 240)
vid302.avi;29.92;180;(320, 240);(320, 240)
vid1132.avi;59.92;420;(640, 360);(640, 360)
vid1398.avi;30.0;211;(320, 240);(320, 240)
vid1258.avi;32.42;253;(192, 144);(192, 144)
vid1613.avi;29.97;120;(426, 318);(426, 318)
vid783.avi;29.97;150;(320, 240);(320, 240)
vid1220.avi;23.83;525;(320, 240);(320, 240)
vid982.avi;29.97;300;(480, 360);(480, 360)
vid267.avi;25.0;251;(320, 240);(320, 240)
vid1910.avi;59.92;189;(320, 240);(320, 240)
vid60.avi;29.93;689;(320, 240);(320, 240)
vid1816.avi;53.08;478;(720, 480);(720, 480)
vid606.avi;29.97;270;(1280, 720);(1280, 720)
vid579.avi;30.0;180;(320, 240);(320, 240)
vid1636.avi;29.97;390;(640, 360);(640, 360)
vid893.avi;29.97;180;(480, 360);(480, 360)
vid909.avi;29.92;748;(640, 480);(640, 480)
vid411.avi;25.0;251;(320, 240);(320, 240)
vid1190.avi;29.97;450;(480, 360);(480, 360)
vid1811.avi;23.98;192;(320, 240);(320, 240)
vid1513.avi;29.97;150;(1280, 720);(1280, 720)
vid159.avi;29.97;120;(640, 272);(640, 272)
vid1413.avi;24.0;289;(1280, 720);(1280, 720)
vid1260.avi;25.0;251;(320, 240);(320, 240)
vid1675.avi;25.0;375;(480, 360);(480, 360)
vid460.avi;29.97;240;(480, 360);(480, 360)
vid297.avi;29.92;300;(320, 240);(320, 240)
vid561.avi;15.0;61;(320, 240);(320, 240)
vid84.avi;29.92;210;(320, 240);(320, 240)
vid228.avi;29.97;180;(1280, 720);(1280, 720)
vid612.avi;25.0;126;(640, 360);(640, 360)
vid1581.avi;29.97;180;(480, 360);(480, 360)
vid1021.avi;29.92;120;(320, 240);(320, 240)
vid40.avi;29.92;180;(320, 240);(320, 240)
vid927.avi;23.98;216;(1280, 720);(1280, 720)
vid1547.avi;30.0;181;(640, 480);(640, 480)
vid884.avi;29.97;150;(320, 240);(320, 240)
vid1329.avi;29.97;300;(320, 240);(320, 240)
vid918.avi;25.0;376;(484, 360);(484, 360)
vid407.avi;29.97;150;(320, 240);(320, 240)
vid1731.avi;30.0;241;(320, 240);(320, 240)
vid753.avi;29.97;240;(720, 480);(720, 480)
vid895.avi;29.97;198;(320, 240);(320, 240)
vid1143.avi;29.97;300;(1280, 720);(1280, 720)
vid1895.avi;23.98;96;(608, 256);(608, 256)
vid344.avi;29.97;150;(640, 360);(640, 360)
vid1387.avi;30.0;241;(320, 240);(320, 240)
vid463.avi;29.92;210;(720, 480);(720, 480)
vid1784.avi;30.0;451;(320, 240);(320, 240)
vid1788.avi;24.0;841;(480, 360);(480, 360)
vid1299.avi;29.97;210;(1920, 1080);(1920, 1080)
vid919.avi;25.0;551;(484, 360);(484, 360)
vid447.avi;30.0;271;(320, 240);(320, 240)
vid1030.avi;29.92;539;(320, 240);(320, 240)
vid324.avi;30.0;361;(480, 360);(480, 360)
vid1702.avi;29.97;270;(320, 240);(320, 240)
vid98.avi;29.92;210;(320, 240);(320, 240)
vid1622.avi;30.0;301;(320, 240);(320, 240)
vid319.avi;29.97;270;(544, 360);(544, 360)
vid339.avi;29.97;150;(640, 360);(640, 360)
vid508.avi;24.0;169;(600, 338);(600, 338)
vid409.avi;29.97;210;(320, 240);(320, 240)
vid1117.avi;25.0;251;(480, 360);(480, 360)
vid1195.avi;23.98;144;(640, 288);(640, 288)
vid795.avi;29.97;300;(1280, 720);(1280, 720)
vid1049.avi;15.0;121;(160, 120);(160, 120)
vid996.avi;29.97;300;(320, 240);(320, 240)
vid833.avi;29.97;240;(1280, 720);(1280, 720)
vid1427.avi;25.0;301;(1280, 720);(1280, 720)
vid724.avi;30.0;151;(640, 480);(640, 480)
vid1572.avi;29.97;180;(320, 240);(320, 240)
vid1191.avi;23.98;240;(640, 360);(640, 360)
vid1782.avi;25.0;251;(450, 360);(450, 360)
vid588.avi;29.83;266;(320, 240);(320, 240)
vid633.avi;29.97;120;(1280, 720);(1280, 720)
vid1822.avi;25.0;501;(480, 360);(480, 360)
vid363.avi;23.98;72;(640, 480);(640, 480)
vid1560.avi;29.97;240;(640, 480);(640, 480)
vid423.avi;25.0;126;(384, 288);(384, 288)
vid348.avi;29.97;240;(1280, 720);(1280, 720)
vid166.avi;25.0;301;(320, 256);(320, 256)
vid418.avi;30.0;421;(320, 240);(320, 240)
vid1734.avi;15.0;271;(320, 240);(320, 240)
vid570.avi;29.97;600;(480, 360);(480, 360)
vid811.avi;25.0;201;(640, 480);(640, 480)
vid265.avi;23.98;144;(854, 480);(854, 480)
vid19.avi;59.92;480;(640, 360);(640, 360)
vid1573.avi;29.92;210;(320, 176);(320, 176)
vid603.avi;25.0;576;(320, 240);(320, 240)
vid548.avi;25.0;126;(1920, 1080);(1920, 1080)
vid1441.avi;25.0;76;(320, 240);(320, 240)
vid1270.avi;25.0;226;(480, 360);(480, 360)
vid1216.avi;30.0;481;(320, 240);(320, 240)
vid1525.avi;15.0;151;(320, 240);(320, 240)
vid1548.avi;30.0;181;(640, 480);(640, 480)
vid752.avi;25.0;201;(384, 288);(384, 288)
vid1872.avi;25.0;101;(512, 288);(512, 288)
vid1294.avi;30.0;1291;(352, 264);(352, 264)
vid1909.avi;15.0;106;(320, 240);(320, 240)
vid1657.avi;25.0;551;(320, 240);(320, 240)
vid1504.avi;29.97;330;(320, 240);(320, 240)
vid1142.avi;14.99;60;(320, 182);(320, 182)
vid1364.avi;29.97;120;(320, 240);(320, 240)
vid425.avi;25.0;126;(384, 288);(384, 288)
vid598.avi;29.97;390;(640, 360);(640, 360)
vid237.avi;29.97;90;(320, 240);(320, 240)
vid1065.avi;29.97;210;(492, 360);(492, 360)
vid1766.avi;30.0;361;(480, 360);(480, 360)
vid1561.avi;29.97;300;(320, 180);(320, 180)
vid1521.avi;25.0;126;(420, 288);(420, 288)
vid3.avi;29.97;210;(1280, 720);(1280, 720)
vid18.avi;59.92;420;(640, 360);(640, 360)
vid1507.avi;29.97;180;(320, 240);(320, 240)
vid1752.avi;29.97;810;(1280, 720);(1280, 720)
vid1759.avi;25.0;351;(608, 256);(608, 256)
vid119.avi;25.0;451;(320, 240);(320, 240)
vid1407.avi;30.0;301;(1920, 1080);(1920, 1080)
vid1203.avi;25.0;351;(320, 174);(320, 174)
vid291.avi;29.92;270;(320, 240);(320, 240)
vid611.avi;25.0;276;(320, 240);(320, 240)
vid1660.avi;24.0;121;(1920, 1080);(1920, 1080)
vid586.avi;23.98;240;(488, 360);(488, 360)
vid703.avi;29.97;180;(1280, 720);(1280, 720)
vid831.avi;30.0;511;(640, 480);(640, 480)
vid897.avi;25.0;426;(480, 360);(480, 360)
vid571.avi;29.97;630;(1280, 720);(1280, 720)
vid1615.avi;29.97;330;(1280, 720);(1280, 720)
vid1905.avi;23.98;96;(608, 256);(608, 256)
vid264.avi;30.0;301;(640, 480);(640, 480)
vid604.avi;29.92;300;(1280, 720);(1280, 720)
vid1589.avi;15.0;121;(480, 360);(480, 360)
vid744.avi;29.97;120;(640, 480);(640, 480)
vid1964.avi;25.0;126;(640, 480);(640, 480)
vid426.avi;30.0;481;(384, 288);(384, 288)
vid779.avi;29.97;270;(1280, 720);(1280, 720)
vid788.avi;49.92;300;(640, 480);(640, 480)
vid1537.avi;30.0;661;(480, 360);(480, 360)
vid1325.avi;29.97;210;(480, 360);(480, 360)
vid1921.avi;30.0;181;(640, 480);(640, 480)
vid88.avi;29.92;120;(320, 240);(320, 240)
vid1462.avi;10.0;101;(320, 240);(320, 240)
vid1804.avi;25.0;200;(1280, 720);(1280, 720)
vid353.avi;25.0;226;(492, 360);(492, 360)
vid1863.avi;14.0;141;(320, 240);(320, 240)
vid1214.avi;30.0;241;(320, 240);(320, 240)
vid1733.avi;59.92;300;(640, 480);(640, 480)
vid1008.avi;25.0;151;(384, 288);(384, 288)
vid621.avi;29.97;90;(320, 240);(320, 240)
vid1231.avi;29.98;240;(448, 252);(448, 252)
vid10.avi;30.0;181;(400, 300);(400, 300)
vid1230.avi;25.0;476;(320, 240);(320, 240)
vid1524.avi;11.99;144;(320, 240);(320, 240)
vid1708.avi;29.97;150;(1280, 720);(1280, 720)
vid1884.avi;29.97;390;(720, 480);(720, 480)
vid1818.avi;29.97;210;(480, 360);(480, 360)
vid880.avi;29.97;180;(480, 360);(480, 360)
vid330.avi;25.0;351;(352, 288);(352, 288)
vid1901.avi;23.98;96;(608, 256);(608, 256)
vid940.avi;20.0;141;(294, 240);(294, 240)
vid1832.avi;25.0;201;(320, 240);(320, 240)
vid1456.avi;29.97;210;(480, 360);(480, 360)
vid1631.avi;59.92;600;(720, 480);(720, 480)
vid1029.avi;29.92;150;(320, 240);(320, 240)
vid642.avi;25.0;126;(384, 288);(384, 288)
vid568.avi;25.0;276;(480, 360);(480, 360)
vid690.avi;30.0;271;(320, 240);(320, 240)
vid124.avi;29.97;300;(1280, 720);(1280, 720)
vid448.avi;30.0;241;(320, 240);(320, 240)
vid398.avi;29.92;300;(1280, 720);(1280, 720)
vid388.avi;29.97;840;(640, 480);(640, 480)
vid1748.avi;29.97;300;(320, 240);(320, 240)
vid1229.avi;24.0;241;(544, 360);(544, 360)
vid1699.avi;29.97;150;(320, 240);(320, 240)
vid1643.avi;25.0;426;(640, 480);(640, 480)
vid1342.avi;59.92;899;(640, 480);(640, 480)
vid665.avi;14.98;240;(1920, 1080);(1920, 1080)
vid582.avi;10.0;68;(480, 360);(480, 360)
vid1001.avi;29.97;180;(1920, 1080);(1920, 1080)
vid990.avi;29.92;210;(480, 360);(480, 360)
vid1206.avi;29.97;330;(638, 360);(638, 360)
vid1509.avi;15.0;91;(352, 288);(352, 288)
vid963.avi;29.97;210;(640, 360);(640, 360)
vid1415.avi;29.97;300;(480, 360);(480, 360)
vid196.avi;23.98;168;(480, 270);(480, 270)
vid1876.avi;29.97;300;(480, 360);(480, 360)
vid205.avi;29.97;210;(320, 240);(320, 240)
vid1100.avi;25.0;126;(480, 360);(480, 360)
vid1072.avi;25.0;176;(320, 240);(320, 240)
vid1113.avi;29.97;360;(420, 240);(420, 240)
vid1109.avi;29.97;180;(640, 358);(640, 358)
vid932.avi;29.97;210;(480, 360);(480, 360)
vid71.avi;29.97;120;(1280, 720);(1280, 720)
vid1726.avi;23.98;120;(1920, 1080);(1920, 1080)
vid1751.avi;29.97;390;(1280, 720);(1280, 720)
vid1603.avi;15.0;151;(320, 240);(320, 240)
vid1253.avi;29.97;300;(640, 480);(640, 480)
vid1482.avi;59.92;839;(640, 360);(640, 360)
vid845.avi;25.0;351;(384, 288);(384, 288)
vid668.avi;29.97;210;(1280, 720);(1280, 720)
vid645.avi;25.0;101;(384, 288);(384, 288)
vid1481.avi;59.92;660;(640, 360);(640, 360)
vid972.avi;49.92;500;(640, 480);(640, 480)
vid342.avi;29.97;150;(640, 360);(640, 360)
vid408.avi;29.97;240;(320, 240);(320, 240)
vid546.avi;25.0;351;(480, 360);(480, 360)
vid1944.avi;30.0;781;(480, 360);(480, 360)
vid1787.avi;29.97;540;(320, 240);(320, 240)
vid785.avi;29.97;330;(480, 360);(480, 360)
vid687.avi;29.97;390;(320, 240);(320, 240)
vid1902.avi;23.98;72;(608, 256);(608, 256)
vid843.avi;29.92;210;(320, 240);(320, 240)
vid1946.avi;29.97;120;(480, 320);(480, 320)
vid95.avi;29.92;120;(320, 240);(320, 240)
vid1286.avi;14.98;150;(320, 240);(320, 240)
vid434.avi;29.97;240;(640, 480);(640, 480)
vid686.avi;29.97;1379;(320, 240);(320, 240)
vid1640.avi;29.97;210;(320, 240);(320, 240)
vid412.avi;15.0;181;(480, 360);(480, 360)
vid1042.avi;30.0;181;(192, 144);(192, 144)
vid677.avi;30.0;301;(640, 480);(640, 480)
vid8.avi;59.92;300;(640, 360);(640, 360)
vid1046.avi;25.0;136;(352, 288);(352, 288)
vid933.avi;25.0;251;(640, 480);(640, 480)
vid648.avi;25.0;101;(320, 240);(320, 240)
vid766.avi;30.0;211;(640, 480);(640, 480)
vid1039.avi;59.92;779;(320, 240);(320, 240)
vid1778.avi;30.0;121;(320, 240);(320, 240)
vid1682.avi;25.0;151;(1280, 720);(1280, 720)
vid908.avi;14.99;52;(320, 240);(320, 240)
vid69.avi;29.97;150;(1280, 720);(1280, 720)
vid1955.avi;25.0;201;(320, 240);(320, 240)
vid1375.avi;29.97;150;(640, 360);(640, 360)
vid1797.avi;29.97;210;(640, 480);(640, 480)
vid1298.avi;30.0;331;(480, 360);(480, 360)
vid507.avi;25.0;351;(384, 288);(384, 288)
vid1890.avi;30.0;331;(320, 240);(320, 240)
vid1209.avi;59.92;420;(320, 240);(320, 240)
vid1440.avi;29.97;300;(640, 480);(640, 480)
vid1292.avi;29.97;690;(320, 240);(320, 240)
vid964.avi;29.97;120;(640, 360);(640, 360)
vid1048.avi;29.97;300;(640, 480);(640, 480)
vid905.avi;29.97;300;(640, 480);(640, 480)
vid1257.avi;24.98;250;(1920, 1080);(1920, 1080)
vid966.avi;29.97;300;(640, 360);(640, 360)
vid1887.avi;29.97;270;(632, 478);(632, 478)
vid105.avi;15.0;121;(640, 480);(640, 480)
vid1808.avi;14.98;150;(320, 240);(320, 240)
vid737.avi;29.97;270;(540, 360);(540, 360)
vid1041.avi;29.97;300;(320, 240);(320, 240)
vid868.avi;24.0;169;(1280, 720);(1280, 720)
vid632.avi;29.92;300;(640, 360);(640, 360)
vid1410.avi;29.97;660;(320, 240);(320, 240)
vid120.avi;29.97;210;(1280, 720);(1280, 720)
vid416.avi;29.97;300;(320, 240);(320, 240)
vid224.avi;30.0;122;(480, 360);(480, 360)
vid1480.avi;59.92;720;(640, 360);(640, 360)
vid211.avi;30.0;211;(640, 480);(640, 480)
vid1272.avi;30.0;391;(320, 240);(320, 240)
vid1602.avi;15.0;121;(320, 240);(320, 240)
vid1308.avi;29.97;450;(640, 352);(640, 352)
vid359.avi;30.0;241;(320, 240);(320, 240)
vid1799.avi;29.97;180;(540, 360);(540, 360)
vid747.avi;15.0;136;(160, 120);(160, 120)
vid567.avi;29.97;90;(320, 240);(320, 240)
vid1007.avi;29.97;210;(480, 360);(480, 360)
vid657.avi;20.0;101;(648, 480);(648, 480)
vid900.avi;25.0;376;(320, 240);(320, 240)
vid1517.avi;15.0;288;(480, 360);(480, 360)
vid64.avi;29.97;210;(1280, 720);(1280, 720)
vid1779.avi;29.97;120;(480, 360);(480, 360)
vid693.avi;30.0;181;(320, 240);(320, 240)
vid1813.avi;29.97;180;(320, 240);(320, 240)
vid1341.avi;29.97;440;(540, 360);(540, 360)
vid764.avi;29.93;270;(320, 240);(320, 240)
vid1798.avi;25.0;376;(352, 294);(352, 294)
vid952.avi;29.97;150;(1280, 720);(1280, 720)
vid1840.avi;29.97;480;(320, 240);(320, 240)
vid1681.avi;25.0;101;(1280, 720);(1280, 720)
vid675.avi;29.97;150;(1280, 720);(1280, 720)
vid1700.avi;29.97;270;(320, 240);(320, 240)
vid605.avi;30.0;361;(480, 360);(480, 360)
vid1942.avi;29.97;180;(1280, 720);(1280, 720)
vid1034.avi;29.92;539;(320, 240);(320, 240)
vid192.avi;59.92;600;(320, 240);(320, 240)
vid1015.avi;29.97;120;(1280, 720);(1280, 720)
vid1000.avi;30.0;361;(320, 240);(320, 240)
vid420.avi;29.97;150;(320, 240);(320, 240)
vid1735.avi;25.0;151;(320, 240);(320, 240)
vid1439.avi;15.0;151;(320, 240);(320, 240)
vid317.avi;29.96;240;(1280, 720);(1280, 720)
vid1153.avi;25.0;251;(640, 360);(640, 360)
vid1003.avi;7.5;61;(192, 144);(192, 144)
vid1348.avi;29.97;390;(352, 262);(352, 262)
vid639.avi;29.97;210;(1280, 720);(1280, 720)
vid1551.avi;30.0;181;(640, 480);(640, 480)
vid306.avi;29.97;510;(320, 240);(320, 240)
vid340.avi;29.97;150;(640, 360);(640, 360)
vid125.avi;25.0;251;(320, 240);(320, 240)
vid139.avi;29.92;479;(480, 272);(480, 272)
vid96.avi;29.92;240;(320, 240);(320, 240)
vid1401.avi;25.0;301;(640, 480);(640, 480)
vid1650.avi;25.0;201;(640, 480);(640, 480)
vid25.avi;59.92;180;(640, 360);(640, 360)
vid1273.avi;30.0;331;(320, 240);(320, 240)
vid1215.avi;29.97;570;(540, 360);(540, 360)
vid875.avi;25.0;251;(480, 360);(480, 360)
vid295.avi;29.92;150;(320, 240);(320, 240)
vid172.avi;20.0;101;(320, 240);(320, 240)
vid213.avi;25.0;226;(480, 360);(480, 360)
vid1161.avi;29.92;270;(1920, 1080);(1920, 1080)
vid853.avi;14.99;345;(320, 240);(320, 240)
vid842.avi;29.92;90;(320, 240);(320, 240)
vid729.avi;14.99;150;(352, 288);(352, 288)
vid715.avi;29.97;450;(640, 480);(640, 480)
vid635.avi;29.97;150;(1280, 720);(1280, 720)
vid168.avi;24.0;361;(544, 360);(544, 360)
vid894.avi;30.0;391;(352, 264);(352, 264)
vid1663.avi;25.0;301;(320, 240);(320, 240)
vid1074.avi;29.97;300;(854, 480);(854, 480)
vid1851.avi;29.97;240;(640, 480);(640, 480)
vid1777.avi;25.0;151;(600, 480);(600, 480)
vid1763.avi;29.97;450;(656, 432);(656, 432)
vid593.avi;24.08;169;(480, 360);(480, 360)
vid1059.avi;29.92;210;(320, 240);(320, 240)
vid1493.avi;59.92;360;(640, 360);(640, 360)
vid667.avi;29.97;210;(1280, 720);(1280, 720)
vid176.avi;29.92;298;(284, 240);(284, 240)
vid837.avi;29.92;150;(320, 240);(320, 240)
vid577.avi;29.92;300;(720, 480);(720, 480)
vid949.avi;29.97;120;(1280, 720);(1280, 720)
vid274.avi;25.0;201;(480, 360);(480, 360)
vid143.avi;29.97;120;(480, 360);(480, 360)
vid1635.avi;29.97;360;(640, 360);(640, 360)
vid299.avi;29.92;120;(320, 240);(320, 240)
vid149.avi;14.99;75;(320, 240);(320, 240)
vid1018.avi;29.97;150;(1280, 720);(1280, 720)
vid1770.avi;6.0;133;(450, 360);(450, 360)
vid167.avi;25.0;126;(320, 256);(320, 256)
vid1200.avi;29.97;240;(1280, 720);(1280, 720)
vid1924.avi;29.97;300;(320, 240);(320, 240)
vid566.avi;29.97;180;(320, 240);(320, 240)
vid455.avi;29.92;330;(522, 240);(522, 240)
vid870.avi;59.92;360;(640, 480);(640, 480)
vid1013.avi;29.97;210;(320, 240);(320, 240)
vid1689.avi;25.0;201;(320, 240);(320, 240)
vid422.avi;25.0;101;(320, 262);(320, 262)
vid443.avi;29.97;300;(480, 360);(480, 360)
vid360.avi;29.97;270;(1280, 720);(1280, 720)
vid1693.avi;29.97;150;(640, 480);(640, 480)
vid691.avi;29.97;270;(640, 480);(640, 480)
vid513.avi;29.97;330;(320, 240);(320, 240)
vid494.avi;29.97;510;(352, 240);(352, 240)
vid928.avi;14.99;210;(320, 240);(320, 240)
vid1550.avi;30.0;181;(640, 480);(640, 480)
vid694.avi;29.92;240;(480, 360);(480, 360)
vid1154.avi;29.97;180;(640, 480);(640, 480)
vid921.avi;23.98;168;(480, 252);(480, 252)
vid153.avi;29.97;150;(640, 272);(640, 272)
vid1300.avi;30.0;301;(480, 360);(480, 360)
vid931.avi;29.97;270;(320, 240);(320, 240)
vid489.avi;25.0;176;(1920, 1080);(1920, 1080)
vid1045.avi;10.44;282;(480, 360);(480, 360)
vid1193.avi;25.0;251;(640, 480);(640, 480)
vid1538.avi;30.0;421;(320, 240);(320, 240)
vid1492.avi;59.92;480;(640, 360);(640, 360)
vid217.avi;15.0;91;(320, 240);(320, 240)
vid958.avi;29.97;150;(1280, 720);(1280, 720)
vid1352.avi;30.0;301;(480, 360);(480, 360)
vid799.avi;25.0;376;(640, 480);(640, 480)
vid945.avi;29.97;120;(1920, 1078);(1920, 1078)
vid723.avi;14.99;210;(384, 288);(384, 288)
vid1259.avi;20.0;381;(320, 192);(320, 192)
vid1795.avi;29.97;120;(320, 240);(320, 240)
vid377.avi;14.99;120;(320, 240);(320, 240)
vid975.avi;49.92;101;(640, 480);(640, 480)
vid637.avi;30.0;361;(320, 240);(320, 240)
vid1271.avi;30.0;301;(320, 240);(320, 240)
vid74.avi;29.97;180;(1280, 720);(1280, 720)
vid417.avi;29.97;300;(640, 480);(640, 480)
vid1038.avi;29.92;180;(320, 240);(320, 240)
vid1159.avi;25.0;326;(320, 240);(320, 240)
vid1247.avi;29.97;52;(384, 288);(384, 288)
vid534.avi;29.97;210;(320, 240);(320, 240)
vid122.avi;29.97;240;(1280, 720);(1280, 720)
vid1397.avi;25.0;149;(350, 192);(350, 192)
vid839.avi;29.92;120;(320, 240);(320, 240)
vid1187.avi;29.97;180;(480, 320);(480, 320)
vid734.avi;29.92;106;(352, 240);(352, 240)
vid1566.avi;25.0;301;(320, 240);(320, 240)
vid581.avi;25.0;201;(480, 360);(480, 360)
vid430.avi;30.0;151;(320, 240);(320, 240)
vid912.avi;25.0;301;(640, 480);(640, 480)
vid1145.avi;29.97;180;(1280, 720);(1280, 720)
vid1377.avi;29.97;150;(640, 360);(640, 360)
vid556.avi;25.0;226;(320, 240);(320, 240)
vid474.avi;25.0;176;(854, 480);(854, 480)
vid1083.avi;29.97;300;(486, 360);(486, 360)
vid1370.avi;30.0;301;(640, 480);(640, 480)
vid1285.avi;14.98;75;(320, 240);(320, 240)
vid627.avi;29.92;509;(640, 360);(640, 360)
vid263.avi;30.0;211;(480, 360);(480, 360)
vid17.avi;59.92;360;(640, 360);(640, 360)
vid413.avi;30.0;211;(320, 240);(320, 240)
vid1147.avi;29.97;390;(1280, 720);(1280, 720)
vid1621.avi;25.0;126;(480, 360);(480, 360)
vid1020.avi;29.97;180;(1280, 720);(1280, 720)
vid1068.avi;15.0;97;(176, 144);(176, 144)
vid30.avi;29.97;300;(480, 360);(480, 360)
vid280.avi;29.97;150;(1280, 720);(1280, 720)
vid1701.avi;29.97;210;(320, 240);(320, 240)
vid1293.avi;25.0;151;(320, 240);(320, 240)
vid876.avi;29.97;150;(640, 480);(640, 480)
vid1908.avi;29.97;150;(480, 360);(480, 360)
vid1130.avi;25.0;251;(1280, 720);(1280, 720)
vid296.avi;29.92;360;(320, 240);(320, 240)
vid847.avi;29.97;120;(400, 226);(400, 226)
vid1477.avi;30.0;451;(480, 360);(480, 360)
vid485.avi;25.0;176;(1920, 1080);(1920, 1080)
vid1070.avi;30.0;481;(320, 240);(320, 240)
vid1226.avi;14.99;150;(320, 240);(320, 240)
vid590.avi;25.0;151;(320, 240);(320, 240)
vid1085.avi;24.98;75;(1280, 720);(1280, 720)
vid1711.avi;15.0;121;(352, 288);(352, 288)
vid886.avi;29.92;120;(854, 480);(854, 480)
vid1594.avi;15.0;91;(480, 360);(480, 360)
vid137.avi;25.0;251;(320, 240);(320, 240)
vid991.avi;29.92;180;(480, 360);(480, 360)
vid1363.avi;7.0;71;(480, 360);(480, 360)
vid676.avi;29.97;210;(1280, 720);(1280, 720)
vid834.avi;30.0;451;(320, 240);(320, 240)
vid688.avi;30.0;631;(640, 480);(640, 480)
vid1836.avi;30.0;211;(720, 480);(720, 480)
vid38.avi;30.0;151;(640, 360);(640, 360)
vid22.avi;59.92;300;(640, 360);(640, 360)
vid1515.avi;29.97;270;(854, 480);(854, 480)
vid1228.avi;29.97;330;(540, 360);(540, 360)
vid1063.avi;29.97;210;(608, 272);(608, 272)
vid529.avi;15.0;271;(320, 312);(320, 312)
vid1939.avi;30.0;151;(320, 240);(320, 240)
vid816.avi;30.0;301;(320, 240);(320, 240)
vid1656.avi;29.97;220;(480, 360);(480, 360)
vid250.avi;29.92;330;(320, 240);(320, 240)
vid428.avi;14.99;270;(352, 288);(352, 288)
vid1764.avi;29.97;240;(640, 480);(640, 480)
vid1519.avi;59.92;240;(320, 240);(320, 240)
vid482.avi;30.0;241;(320, 240);(320, 240)
vid303.avi;29.92;300;(320, 240);(320, 240)
vid992.avi;29.92;150;(480, 360);(480, 360)
vid1664.avi;29.97;180;(480, 360);(480, 360)
vid706.avi;29.97;270;(320, 240);(320, 240)
vid1350.avi;29.97;240;(1280, 720);(1280, 720)
vid1267.avi;25.0;101;(320, 240);(320, 240)
vid854.avi;30.0;211;(480, 360);(480, 360)
vid809.avi;15.0;76;(320, 240);(320, 240)
vid890.avi;30.0;151;(640, 480);(640, 480)
vid1755.avi;29.97;300;(320, 240);(320, 240)
vid934.avi;29.97;240;(480, 270);(480, 270)
vid1583.avi;30.0;271;(640, 480);(640, 480)
vid1088.avi;30.0;301;(320, 240);(320, 240)
vid659.avi;30.0;271;(240, 180);(240, 180)
vid1651.avi;12.58;89;(640, 480);(640, 480)
vid559.avi;29.97;450;(480, 360);(480, 360)
vid796.avi;29.97;240;(320, 240);(320, 240)
vid188.avi;29.97;240;(480, 360);(480, 360)
vid1954.avi;25.0;251;(1280, 720);(1280, 720)
vid1868.avi;29.97;240;(632, 478);(632, 478)
vid1499.avi;59.92;360;(640, 360);(640, 360)
vid595.avi;30.0;211;(540, 360);(540, 360)
vid541.avi;30.0;211;(320, 240);(320, 240)
vid1444.avi;29.97;240;(480, 360);(480, 360)
vid1563.avi;29.97;180;(320, 240);(320, 240)
vid1745.avi;29.97;270;(640, 360);(640, 360)
vid247.avi;25.0;251;(320, 240);(320, 240)
vid1127.avi;30.0;181;(480, 360);(480, 360)
vid1168.avi;24.0;145;(1280, 720);(1280, 720)
vid584.avi;29.97;150;(640, 480);(640, 480)
vid891.avi;29.97;720;(480, 360);(480, 360)
vid727.avi;20.0;161;(320, 240);(320, 240)
vid620.avi;29.97;90;(352, 240);(352, 240)
vid406.avi;29.97;210;(320, 240);(320, 240)
vid1545.avi;29.97;120;(640, 480);(640, 480)
vid216.avi;30.0;181;(480, 360);(480, 360)
vid1115.avi;25.0;401;(640, 480);(640, 480)
vid1882.avi;25.0;276;(638, 360);(638, 360)
vid484.avi;25.0;201;(480, 360);(480, 360)
vid1384.avi;29.97;294;(320, 240);(320, 240)
vid1927.avi;25.0;226;(300, 240);(300, 240)
vid967.avi;29.97;300;(640, 360);(640, 360)
vid524.avi;14.99;150;(320, 240);(320, 240)
vid76.avi;29.97;180;(1280, 720);(1280, 720)
vid1859.avi;29.97;240;(320, 240);(320, 240)
vid516.avi;29.97;300;(540, 360);(540, 360)
vid1055.avi;29.97;420;(720, 480);(720, 480)
vid282.avi;29.97;210;(1280, 720);(1280, 720)
vid977.avi;29.97;120;(1280, 720);(1280, 720)
vid922.avi;29.92;240;(320, 240);(320, 240)
vid439.avi;29.97;210;(480, 270);(480, 270)
vid1620.avi;29.97;270;(1280, 720);(1280, 720)
vid1848.avi;15.0;151;(464, 260);(464, 260)
vid1880.avi;30.0;151;(640, 480);(640, 480)
vid1691.avi;29.97;210;(640, 464);(640, 464)
vid91.avi;29.92;180;(320, 240);(320, 240)
vid1780.avi;30.0;301;(320, 240);(320, 240)
vid805.avi;30.0;362;(480, 360);(480, 360)
vid1236.avi;29.97;240;(540, 360);(540, 360)
vid325.avi;29.97;120;(640, 480);(640, 480)
vid1590.avi;29.97;300;(320, 214);(320, 214)
vid1915.avi;30.08;362;(192, 144);(192, 144)
vid1838.avi;29.97;180;(320, 214);(320, 214)
vid663.avi;29.97;120;(1280, 720);(1280, 720)
vid591.avi;25.0;101;(320, 240);(320, 240)
vid424.avi;25.0;351;(384, 288);(384, 288)
vid458.avi;30.0;151;(320, 240);(320, 240)
vid969.avi;30.0;361;(640, 480);(640, 480)
vid97.avi;29.92;300;(320, 240);(320, 240)
vid1671.avi;29.97;150;(1280, 720);(1280, 720)
vid1265.avi;29.97;335;(320, 240);(320, 240)
vid145.avi;15.0;76;(320, 240);(320, 240)
vid1891.avi;30.0;301;(320, 240);(320, 240)
vid867.avi;28.17;198;(720, 480);(720, 480)
vid1511.avi;29.97;210;(1280, 720);(1280, 720)
vid1284.avi;25.0;351;(320, 240);(320, 240)
vid1967.avi;29.97;90;(1280, 720);(1280, 720)
vid1303.avi;29.97;600;(540, 360);(540, 360)
vid215.avi;30.0;421;(320, 240);(320, 240)
vid1304.avi;30.0;211;(1920, 1080);(1920, 1080)
vid948.avi;29.97;150;(1280, 720);(1280, 720)
vid486.avi;25.0;151;(1920, 1080);(1920, 1080)
vid175.avi;25.0;201;(384, 288);(384, 288)
vid1854.avi;23.98;240;(786, 480);(786, 480)
vid63.avi;30.0;271;(480, 360);(480, 360)
vid367.avi;29.92;60;(640, 480);(640, 480)
vid318.avi;25.0;467;(384, 288);(384, 288)
vid1264.avi;30.0;151;(480, 360);(480, 360)
vid1712.avi;15.0;91;(352, 288);(352, 288)
vid1610.avi;25.0;126;(480, 360);(480, 360)
vid444.avi;30.0;151;(320, 240);(320, 240)
vid504.avi;29.97;240;(320, 240);(320, 240)
vid323.avi;25.0;176;(320, 240);(320, 240)
vid1962.avi;29.92;180;(320, 240);(320, 240)
vid1160.avi;25.0;226;(854, 480);(854, 480)
vid1539.avi;29.92;90;(480, 360);(480, 360)
vid1101.avi;29.97;210;(320, 240);(320, 240)
vid357.avi;59.92;540;(534, 360);(534, 360)
vid1112.avi;29.92;270;(320, 240);(320, 240)
vid1896.avi;23.98;96;(608, 256);(608, 256)
vid506.avi;29.97;540;(854, 640);(854, 640)
vid1367.avi;24.0;145;(544, 360);(544, 360)
vid802.avi;29.97;270;(1280, 720);(1280, 720)
vid1240.avi;25.0;326;(600, 480);(600, 480)
vid1732.avi;30.0;181;(640, 480);(640, 480)
vid1867.avi;30.0;301;(480, 360);(480, 360)
vid643.avi;25.0;101;(384, 288);(384, 288)
vid1614.avi;29.97;240;(640, 480);(640, 480)
vid1221.avi;23.83;501;(320, 240);(320, 240)
vid461.avi;29.97;480;(640, 480);(640, 480)
vid832.avi;25.0;251;(384, 288);(384, 288)
vid1385.avi;29.97;150;(322, 240);(322, 240)
vid405.avi;29.97;210;(320, 240);(320, 240)
vid160.avi;29.97;90;(640, 272);(640, 272)
vid1696.avi;29.94;180;(1280, 720);(1280, 720)
vid475.avi;15.0;226;(240, 180);(240, 180)
vid1559.avi;30.0;481;(320, 240);(320, 240)
vid800.avi;29.97;180;(320, 214);(320, 214)
vid110.avi;29.97;90;(320, 240);(320, 240)
vid574.avi;29.97;90;(320, 240);(320, 240)
vid776.avi;25.0;201;(1920, 1080);(1920, 1080)
vid1834.avi;24.99;250;(1280, 720);(1280, 720)
vid1054.avi;29.97;480;(320, 240);(320, 240)
vid829.avi;29.97;120;(320, 240);(320, 240)
vid722.avi;29.97;1092;(320, 240);(320, 240)
vid1940.avi;29.97;390;(854, 480);(854, 480)
vid1390.avi;29.97;506;(480, 360);(480, 360)
vid1629.avi;30.0;121;(480, 360);(480, 360)
vid1925.avi;30.0;828;(480, 360);(480, 360)
vid241.avi;29.92;300;(480, 360);(480, 360)
vid1653.avi;25.0;201;(320, 240);(320, 240)
vid1639.avi;25.0;126;(384, 288);(384, 288)
vid366.avi;29.97;210;(640, 480);(640, 480)
vid151.avi;29.97;90;(640, 272);(640, 272)
vid1697.avi;25.0;251;(320, 180);(320, 180)
vid1234.avi;29.97;150;(1280, 720);(1280, 720)
vid1685.avi;30.0;301;(320, 240);(320, 240)
vid1500.avi;59.92;420;(640, 360);(640, 360)
vid1380.avi;29.97;150;(640, 360);(640, 360)
vid1174.avi;29.97;510;(480, 270);(480, 270)
vid1318.avi;25.0;176;(384, 288);(384, 288)
vid576.avi;29.92;300;(720, 480);(720, 480)
vid1768.avi;29.97;330;(480, 360);(480, 360)
vid1865.avi;29.97;927;(480, 360);(480, 360)
vid1534.avi;29.97;150;(1280, 720);(1280, 720)
vid450.avi;30.0;121;(320, 240);(320, 240)
vid1207.avi;29.97;330;(540, 360);(540, 360)
vid1894.avi;23.98;72;(608, 256);(608, 256)
vid1760.avi;29.97;240;(540, 360);(540, 360)
vid93.avi;29.92;330;(320, 240);(320, 240)
vid512.avi;14.99;60;(320, 240);(320, 240)
vid57.avi;27.92;1033;(640, 480);(640, 480)
vid664.avi;25.0;201;(480, 360);(480, 360)
vid708.avi;25.0;226;(320, 240);(320, 240)
vid1421.avi;30.0;961;(480, 360);(480, 360)
vid1248.avi;30.0;1021;(480, 360);(480, 360)
vid1474.avi;23.98;144;(480, 360);(480, 360)
vid112.avi;29.97;630;(640, 480);(640, 480)
vid1746.avi;29.97;360;(848, 480);(848, 480)
vid184.avi;30.0;421;(480, 360);(480, 360)
vid1722.avi;29.97;390;(1280, 720);(1280, 720)
vid1395.avi;29.97;660;(320, 240);(320, 240)
vid1585.avi;29.97;300;(640, 480);(640, 480)
vid1649.avi;30.0;271;(320, 240);(320, 240)
vid1703.avi;29.97;180;(320, 240);(320, 240)
vid1251.avi;25.0;226;(320, 240);(320, 240)
vid1388.avi;24.0;829;(640, 480);(640, 480)
vid1740.avi;25.0;176;(320, 240);(320, 240)
vid923.avi;29.92;509;(1280, 720);(1280, 720)
vid1893.avi;23.98;72;(608, 256);(608, 256)
vid907.avi;29.97;210;(634, 480);(634, 480)
vid544.avi;29.97;300;(480, 360);(480, 360)
vid1775.avi;25.0;426;(640, 480);(640, 480)
vid789.avi;28.92;463;(640, 480);(640, 480)
vid554.avi;23.98;168;(480, 272);(480, 272)
vid1366.avi;25.0;251;(480, 360);(480, 360)
vid594.avi;25.0;251;(480, 360);(480, 360)
vid113.avi;29.97;300;(640, 480);(640, 480)
vid607.avi;29.97;330;(540, 360);(540, 360)
vid400.avi;29.97;420;(320, 240);(320, 240)
vid99.avi;29.92;180;(320, 240);(320, 240)
vid939.avi;25.0;326;(640, 480);(640, 480)
vid312.avi;25.0;101;(640, 480);(640, 480)
vid1874.avi;15.0;564;(320, 240);(320, 240)
vid356.avi;30.0;181;(640, 480);(640, 480)
vid415.avi;25.0;176;(320, 240);(320, 240)
vid116.avi;15.0;136;(176, 144);(176, 144)
vid12.avi;14.99;225;(320, 240);(320, 240)
vid760.avi;29.97;210;(640, 480);(640, 480)
vid720.avi;25.0;151;(640, 480);(640, 480)
vid974.avi;24.0;217;(1920, 1080);(1920, 1080)
vid1690.avi;29.97;150;(720, 480);(720, 480)
vid1903.avi;23.98;168;(608, 256);(608, 256)
vid281.avi;29.97;150;(1280, 720);(1280, 720)
vid1277.avi;30.0;91;(480, 360);(480, 360)
vid292.avi;29.92;270;(320, 240);(320, 240)
vid1669.avi;29.92;180;(480, 360);(480, 360)
vid1489.avi;59.92;420;(640, 360);(640, 360)
vid770.avi;24.0;481;(1280, 720);(1280, 720)
vid569.avi;29.97;150;(640, 480);(640, 480)
vid1004.avi;25.0;176;(384, 288);(384, 288)
vid157.avi;29.97;150;(640, 272);(640, 272)
vid493.avi;25.0;251;(480, 360);(480, 360)
vid404.avi;29.97;180;(320, 240);(320, 240)
vid396.avi;30.0;181;(640, 360);(640, 360)
vid959.avi;29.97;270;(640, 360);(640, 360)
vid1201.avi;29.97;210;(1280, 720);(1280, 720)
vid610.avi;29.97;240;(320, 240);(320, 240)
vid361.avi;25.0;201;(640, 480);(640, 480)
vid985.avi;29.97;300;(320, 240);(320, 240)
vid1239.avi;30.0;301;(1280, 720);(1280, 720)
vid1749.avi;25.0;126;(640, 360);(640, 360)
vid1938.avi;15.0;106;(320, 240);(320, 240)
vid946.avi;29.97;180;(1280, 720);(1280, 720)
vid337.avi;30.0;331;(320, 240);(320, 240)
vid1819.avi;29.97;270;(640, 284);(640, 284)
vid1714.avi;25.0;251;(640, 480);(640, 480)
vid273.avi;29.97;120;(540, 360);(540, 360)
vid1634.avi;15.0;256;(320, 240);(320, 240)
vid818.avi;25.0;251;(320, 240);(320, 240)
vid503.avi;29.97;150;(720, 480);(720, 480)
vid1670.avi;12.58;126;(480, 360);(480, 360)
vid262.avi;29.97;270;(320, 240);(320, 240)
vid915.avi;25.0;151;(484, 360);(484, 360)
vid1801.avi;29.97;300;(480, 360);(480, 360)
vid527.avi;25.0;601;(480, 360);(480, 360)
vid838.avi;29.92;120;(320, 240);(320, 240)
vid1077.avi;29.97;390;(540, 360);(540, 360)
vid1885.avi;25.0;251;(480, 360);(480, 360)
vid1012.avi;30.0;451;(480, 360);(480, 360)
vid1888.avi;29.08;79;(320, 240);(320, 240)
vid1648.avi;30.0;331;(480, 360);(480, 360)
vid1676.avi;25.0;100;(480, 360);(480, 360)
vid56.avi;30.0;301;(208, 160);(208, 160)
vid1400.avi;30.0;241;(640, 480);(640, 480)
vid309.avi;25.0;201;(320, 240);(320, 240)
vid1149.avi;25.0;301;(320, 240);(320, 240)
vid1555.avi;30.0;181;(640, 480);(640, 480)
vid1632.avi;29.97;150;(640, 360);(640, 360)
vid1781.avi;29.97;180;(494, 360);(494, 360)
vid1576.avi;25.0;301;(1920, 1080);(1920, 1080)
vid235.avi;29.92;389;(640, 480);(640, 480)
vid1326.avi;29.97;450;(480, 360);(480, 360)
vid1870.avi;30.0;334;(320, 240);(320, 240)
vid244.avi;25.0;176;(640, 480);(640, 480)
vid739.avi;25.0;126;(640, 360);(640, 360)
vid190.avi;30.0;151;(1280, 720);(1280, 720)
vid201.avi;29.97;180;(480, 360);(480, 360)
vid1820.avi;29.97;120;(320, 240);(320, 240)
vid1491.avi;59.92;420;(640, 360);(640, 360)
vid1211.avi;29.97;210;(480, 272);(480, 272)
vid107.avi;29.97;180;(640, 480);(640, 480)
vid1695.avi;30.0;541;(640, 480);(640, 480)
vid1359.avi;25.0;301;(480, 360);(480, 360)
vid1337.avi;30.0;271;(432, 360);(432, 360)
vid1466.avi;29.92;569;(640, 360);(640, 360)
vid786.avi;29.97;210;(480, 360);(480, 360)
vid13.avi;29.97;300;(320, 240);(320, 240)
vid1935.avi;25.0;151;(640, 480);(640, 480)
vid326.avi;29.97;210;(1280, 720);(1280, 720)
vid821.avi;29.97;450;(854, 480);(854, 480)
vid997.avi;23.98;552;(480, 360);(480, 360)
vid85.avi;29.92;210;(320, 240);(320, 240)
vid1460.avi;29.97;150;(320, 240);(320, 240)
vid1912.avi;30.0;1501;(320, 240);(320, 240)
vid678.avi;23.97;96;(1280, 720);(1280, 720)
vid1184.avi;25.0;201;(640, 480);(640, 480)
vid259.avi;29.97;180;(1280, 720);(1280, 720)
vid736.avi;29.97;180;(1280, 720);(1280, 720)
vid454.avi;30.0;61;(320, 240);(320, 240)
vid698.avi;29.97;330;(1280, 720);(1280, 720)
vid872.avi;29.97;120;(320, 240);(320, 240)
vid1227.avi;15.0;359;(384, 288);(384, 288)
vid1644.avi;29.97;330;(384, 240);(384, 240)
vid1317.avi;30.0;451;(320, 240);(320, 240)
vid878.avi;24.83;340;(320, 240);(320, 240)
vid279.avi;29.97;150;(1280, 720);(1280, 720)
vid441.avi;25.0;151;(320, 240);(320, 240)
vid394.avi;29.97;600;(1280, 720);(1280, 720)
vid790.avi;25.0;367;(640, 480);(640, 480)
vid1252.avi;27.75;278;(294, 240);(294, 240)
vid562.avi;15.0;76;(320, 240);(320, 240)
vid552.avi;24.0;241;(1280, 720);(1280, 720)
vid385.avi;25.0;326;(480, 360);(480, 360)
vid1043.avi;29.97;210;(720, 480);(720, 480)
vid146.avi;29.97;271;(444, 360);(444, 360)
vid387.avi;29.97;330;(540, 360);(540, 360)
vid1067.avi;29.97;240;(540, 360);(540, 360)
vid272.avi;29.97;240;(540, 360);(540, 360)
vid206.avi;25.0;176;(320, 240);(320, 240)
vid1704.avi;29.97;210;(320, 240);(320, 240)
vid170.avi;29.97;240;(480, 360);(480, 360)
vid804.avi;29.97;120;(320, 240);(320, 240)
vid1892.avi;23.98;168;(608, 256);(608, 256)
vid246.avi;25.0;151;(640, 480);(640, 480)
vid7.avi;59.92;480;(640, 360);(640, 360)
vid530.avi;29.97;390;(610, 360);(610, 360)
vid925.avi;10.0;41;(320, 240);(320, 240)
vid1617.avi;29.97;210;(1280, 720);(1280, 720)
vid1936.avi;12.0;157;(320, 240);(320, 240)
vid1883.avi;25.0;101;(630, 360);(630, 360)
vid258.avi;23.98;120;(320, 176);(320, 176)
vid1679.avi;30.0;151;(320, 240);(320, 240)
vid1947.avi;29.97;240;(480, 320);(480, 320)
vid346.avi;29.97;150;(640, 360);(640, 360)
vid998.avi;29.97;300;(1280, 720);(1280, 720)
vid1579.avi;30.0;301;(352, 240);(352, 240)
vid106.avi;15.0;241;(640, 480);(640, 480)
vid717.avi;29.97;240;(1280, 720);(1280, 720)
vid290.avi;29.92;150;(320, 240);(320, 240)
vid628.avi;29.92;120;(640, 360);(640, 360)
vid1564.avi;29.92;461;(480, 360);(480, 360)
vid1254.avi;25.0;501;(480, 360);(480, 360)
vid656.avi;20.0;141;(648, 480);(648, 480)
vid73.avi;29.97;120;(1280, 720);(1280, 720)
vid1528.avi;29.97;150;(320, 240);(320, 240)
vid248.avi;25.0;251;(320, 240);(320, 240)
vid1372.avi;59.92;240;(320, 240);(320, 240)
vid78.avi;29.97;180;(1280, 720);(1280, 720)
vid551.avi;25.0;151;(480, 360);(480, 360)
vid1596.avi;29.92;449;(1280, 720);(1280, 720)
vid1487.avi;59.92;300;(640, 360);(640, 360)
vid278.avi;24.0;241;(320, 240);(320, 240)
vid1756.avi;30.0;211;(640, 480);(640, 480)
vid1178.avi;25.0;276;(640, 480);(640, 480)
vid1296.avi;25.0;251;(320, 240);(320, 240)
vid155.avi;29.97;180;(640, 272);(640, 272)
vid1232.avi;29.97;90;(642, 480);(642, 480)
vid1464.avi;30.08;91;(192, 144);(192, 144)
vid1646.avi;30.0;301;(320, 240);(320, 240)
vid1953.avi;25.0;351;(1280, 720);(1280, 720)
vid1886.avi;25.0;151;(480, 360);(480, 360)
vid1222.avi;30.0;511;(480, 360);(480, 360)
vid1246.avi;14.98;165;(320, 240);(320, 240)
vid1219.avi;29.97;150;(1280, 720);(1280, 720)
vid601.avi;29.97;90;(1280, 720);(1280, 720)
vid1753.avi;10.0;60;(240, 320);(240, 320)
vid994.avi;29.92;150;(480, 360);(480, 360)
vid392.avi;29.97;180;(1280, 720);(1280, 720)
vid218.avi;30.0;301;(640, 270);(640, 270)
vid1243.avi;29.97;180;(320, 240);(320, 240)
vid316.avi;30.0;241;(320, 240);(320, 240)
vid599.avi;30.0;301;(320, 240);(320, 240)
vid1192.avi;30.0;301;(480, 360);(480, 360)
vid6.avi;29.92;120;(854, 480);(854, 480)
vid882.avi;30.0;121;(480, 360);(480, 360)
vid756.avi;30.0;301;(320, 240);(320, 240)
vid1314.avi;29.97;150;(320, 240);(320, 240)
vid861.avi;29.97;420;(1280, 720);(1280, 720)
vid1922.avi;15.0;105;(176, 144);(176, 144)
vid453.avi;25.0;176;(480, 360);(480, 360)
vid1957.avi;25.0;201;(640, 480);(640, 480)
vid1654.avi;23.98;216;(1280, 720);(1280, 720)
vid1858.avi;29.97;300;(320, 240);(320, 240)
vid1369.avi;29.97;270;(640, 480);(640, 480)
vid169.avi;29.96;120;(320, 180);(320, 180)
vid1552.avi;30.0;211;(640, 480);(640, 480)
vid515.avi;24.0;169;(1920, 1080);(1920, 1080)
vid1376.avi;29.97;150;(640, 360);(640, 360)
vid1313.avi;29.97;240;(320, 240);(320, 240)
vid1570.avi;29.97;210;(320, 214);(320, 214)
vid195.avi;59.08;252;(320, 240);(320, 240)
vid1916.avi;23.98;240;(854, 480);(854, 480)
vid1442.avi;29.97;210;(320, 240);(320, 240)
vid1197.avi;25.0;151;(320, 240);(320, 240)
vid1420.avi;15.0;211;(320, 240);(320, 240)
vid240.avi;25.0;451;(384, 288);(384, 288)
vid222.avi;29.96;390;(480, 360);(480, 360)
vid1023.avi;29.92;240;(320, 240);(320, 240)
vid1951.avi;25.0;276;(600, 480);(600, 480)
vid442.avi;25.0;126;(640, 480);(640, 480)
vid1320.avi;30.0;121;(320, 240);(320, 240)
vid70.avi;29.97;210;(1280, 720);(1280, 720)
vid1425.avi;25.0;126;(480, 360);(480, 360)
vid622.avi;15.0;211;(192, 144);(192, 144)
vid1575.avi;29.97;1259;(640, 480);(640, 480)
vid1889.avi;25.0;475;(1280, 720);(1280, 720)
vid1357.avi;58.25;1107;(352, 288);(352, 288)
vid826.avi;29.97;270;(320, 240);(320, 240)
vid1486.avi;59.92;300;(640, 360);(640, 360)
vid438.avi;29.97;540;(480, 270);(480, 270)
vid674.avi;29.97;150;(1280, 720);(1280, 720)
vid625.avi;29.92;180;(640, 360);(640, 360)
vid1451.avi;25.0;251;(600, 480);(600, 480)
vid335.avi;23.98;144;(1280, 720);(1280, 720)
vid58.avi;29.96;390;(1280, 720);(1280, 720)
vid1429.avi;15.0;106;(320, 240);(320, 240)
vid1179.avi;25.0;301;(640, 480);(640, 480)
vid238.avi;29.97;300;(640, 480);(640, 480)
vid429.avi;29.97;120;(320, 240);(320, 240)
vid1567.avi;29.97;210;(480, 360);(480, 360)
vid164.avi;30.0;271;(320, 240);(320, 240)
vid1170.avi;25.0;451;(640, 480);(640, 480)
vid1665.avi;30.0;331;(640, 480);(640, 480)
vid765.avi;29.97;322;(400, 300);(400, 300)
vid457.avi;25.0;151;(320, 240);(320, 240)
vid117.avi;29.97;300;(480, 360);(480, 360)
vid564.avi;15.0;136;(320, 240);(320, 240)
vid221.avi;29.97;120;(480, 360);(480, 360)
vid782.avi;29.97;67;(320, 240);(320, 240)
vid1508.avi;29.97;390;(320, 240);(320, 240)
vid1.avi;29.92;300;(480, 360);(480, 360)
vid624.avi;29.92;180;(640, 360);(640, 360)
vid672.avi;29.97;150;(1280, 720);(1280, 720)
vid640.avi;29.97;180;(1280, 720);(1280, 720)
vid683.avi;23.98;240;(320, 240);(320, 240)
vid956.avi;29.97;180;(1280, 720);(1280, 720)
vid1212.avi;15.0;211;(320, 240);(320, 240)
vid716.avi;29.92;300;(720, 480);(720, 480)
vid156.avi;29.97;270;(640, 272);(640, 272)
vid1365.avi;30.0;181;(352, 288);(352, 288)
vid287.avi;25.0;176;(320, 256);(320, 256)
vid1933.avi;14.98;90;(320, 240);(320, 240)
vid772.avi;23.98;144;(480, 360);(480, 360)
vid1185.avi;25.0;351;(640, 480);(640, 480)
vid713.avi;29.97;150;(322, 240);(322, 240)
vid935.avi;30.0;151;(640, 480);(640, 480)
vid960.avi;29.97;120;(640, 360);(640, 360)
vid1095.avi;59.92;540;(640, 480);(640, 480)
vid718.avi;12.0;121;(320, 240);(320, 240)
vid1223.avi;29.97;270;(320, 214);(320, 214)
vid1658.avi;25.0;151;(600, 480);(600, 480)
vid557.avi;30.0;301;(352, 264);(352, 264)
vid1306.avi;29.97;210;(1280, 720);(1280, 720)
vid1687.avi;30.0;601;(320, 240);(320, 240)
vid911.avi;25.0;326;(640, 480);(640, 480)
vid375.avi;29.97;150;(560, 316);(560, 316)
vid1354.avi;29.97;150;(320, 240);(320, 240)
vid193.avi;29.97;270;(320, 240);(320, 240)
vid951.avi;29.97;150;(1280, 720);(1280, 720)
vid1856.avi;23.98;240;(486, 360);(486, 360)
vid1958.avi;23.98;216;(500, 360);(500, 360)
vid983.avi;29.97;300;(480, 360);(480, 360)
vid59.avi;29.97;480;(320, 240);(320, 240)
vid1562.avi;29.97;630;(320, 180);(320, 180)
vid549.avi;7.51;53;(320, 240);(320, 240)
vid1295.avi;25.0;126;(600, 480);(600, 480)
vid580.avi;29.97;390;(480, 360);(480, 360)
vid658.avi;20.0;121;(648, 480);(648, 480)
vid1044.avi;20.0;581;(320, 240);(320, 240)
vid472.avi;20.0;161;(320, 240);(320, 240)
vid523.avi;25.0;126;(320, 262);(320, 262)
vid898.avi;29.92;300;(854, 480);(854, 480)
vid11.avi;25.0;276;(320, 240);(320, 240)
vid1093.avi;59.92;420;(640, 480);(640, 480)
vid1430.avi;15.0;136;(320, 240);(320, 240)
vid236.avi;29.97;90;(320, 240);(320, 240)
vid1672.avi;20.0;101;(320, 240);(320, 240)
vid1297.avi;29.92;300;(854, 480);(854, 480)
vid1058.avi;15.0;76;(320, 240);(320, 240)
vid1608.avi;59.92;502;(480, 360);(480, 360)
vid347.avi;29.92;240;(480, 360);(480, 360)
vid520.avi;30.0;421;(480, 360);(480, 360)
vid794.avi;29.97;270;(1280, 720);(1280, 720)
vid1761.avi;30.0;301;(480, 360);(480, 360)
vid735.avi;15.0;151;(320, 240);(320, 240)
vid631.avi;29.92;419;(640, 360);(640, 360)
vid1349.avi;29.92;300;(540, 360);(540, 360)
vid491.avi;25.0;176;(320, 240);(320, 240)
vid1189.avi;29.96;120;(1280, 720);(1280, 720)
vid1571.avi;29.97;240;(320, 240);(320, 240)
vid219.avi;29.83;717;(294, 240);(294, 240)
vid284.avi;29.97;150;(1280, 720);(1280, 720)
vid1750.avi;30.0;301;(320, 240);(320, 240)
vid41.avi;29.92;539;(320, 240);(320, 240)
vid1123.avi;29.97;300;(1280, 720);(1280, 720)
vid748.avi;29.97;480;(320, 240);(320, 240)
vid1310.avi;29.97;300;(640, 480);(640, 480)
vid1754.avi;15.0;91;(320, 240);(320, 240)
vid1705.avi;29.97;120;(320, 240);(320, 240)
vid1175.avi;29.97;210;(480, 270);(480, 270)
vid288.avi;25.0;151;(656, 480);(656, 480)
vid89.avi;29.92;120;(320, 240);(320, 240)
vid1806.avi;30.0;319;(320, 240);(320, 240)
vid1536.avi;29.97;150;(1280, 720);(1280, 720)
vid1151.avi;29.97;210;(320, 214);(320, 214)
vid1133.avi;59.92;600;(640, 360);(640, 360)
vid937.avi;23.98;144;(1920, 1080);(1920, 1080)
vid896.avi;29.97;450;(352, 264);(352, 264)
vid615.avi;29.97;150;(480, 360);(480, 360)
vid1104.avi;23.98;168;(576, 320);(576, 320)
vid470.avi;15.0;143;(320, 240);(320, 240)
vid971.avi;23.98;360;(640, 480);(640, 480)
vid9.avi;59.92;360;(400, 226);(400, 226)
vid81.avi;29.97;150;(1280, 720);(1280, 720)
vid373.avi;29.92;240;(1280, 720);(1280, 720)
vid1582.avi;29.97;420;(480, 360);(480, 360)
vid714.avi;29.97;180;(640, 480);(640, 480)
vid1857.avi;29.97;330;(854, 480);(854, 480)
vid1541.avi;29.92;360;(480, 360);(480, 360)
vid824.avi;29.96;150;(1280, 720);(1280, 720)
vid873.avi;29.97;240;(320, 240);(320, 240)
vid314.avi;25.0;551;(640, 480);(640, 480)
vid380.avi;29.97;600;(320, 240);(320, 240)
vid390.avi;30.0;391;(640, 480);(640, 480)
vid539.avi;29.97;240;(320, 240);(320, 240)
vid1138.avi;59.92;240;(640, 360);(640, 360)
vid300.avi;29.92;689;(320, 240);(320, 240)
vid371.avi;29.92;180;(1280, 720);(1280, 720)
vid103.avi;30.0;901;(480, 360);(480, 360)
vid849.avi;29.97;150;(320, 240);(320, 240)
vid666.avi;25.0;326;(480, 360);(480, 360)
vid1026.avi;29.92;150;(320, 240);(320, 240)
vid1436.avi;29.97;300;(540, 360);(540, 360)
vid1719.avi;29.97;150;(480, 360);(480, 360)
vid1225.avi;29.97;210;(582, 400);(582, 400)
vid1035.avi;29.92;270;(320, 240);(320, 240)
vid767.avi;49.92;617;(640, 480);(640, 480)
vid1623.avi;30.0;601;(320, 240);(320, 240)
vid182.avi;30.0;691;(320, 240);(320, 240)
vid808.avi;29.97;180;(1280, 720);(1280, 720)
vid711.avi;29.92;150;(480, 352);(480, 352)
vid1918.avi;25.0;423;(320, 240);(320, 240)
vid1844.avi;29.97;1019;(720, 480);(720, 480)
vid1904.avi;23.98;96;(608, 256);(608, 256)
vid298.avi;29.92;210;(320, 240);(320, 240)
vid1540.avi;29.92;300;(720, 480);(720, 480)
vid1319.avi;30.0;181;(320, 240);(320, 240)
vid1542.avi;29.97;180;(1280, 720);(1280, 720)
vid185.avi;29.97;330;(720, 480);(720, 480)
vid1713.avi;52.67;182;(320, 240);(320, 240)
vid1080.avi;29.97;210;(512, 288);(512, 288)
vid495.avi;25.0;101;(320, 240);(320, 240)
vid45.avi;29.92;120;(320, 240);(320, 240)
vid369.avi;25.0;126;(450, 360);(450, 360)
vid331.avi;29.97;270;(640, 464);(640, 464)
vid660.avi;25.0;276;(480, 360);(480, 360)
vid774.avi;23.98;216;(1280, 720);(1280, 720)
vid1454.avi;25.0;151;(320, 262);(320, 262)
vid573.avi;29.97;270;(540, 360);(540, 360)
vid379.avi;29.97;240;(640, 464);(640, 464)
vid1036.avi;29.92;210;(320, 240);(320, 240)
vid1144.avi;29.97;150;(1280, 720);(1280, 720)
vid191.avi;59.92;540;(320, 240);(320, 240)
vid203.avi;29.97;300;(640, 480);(640, 480)
vid707.avi;29.97;270;(512, 288);(512, 288)
vid1637.avi;29.97;240;(640, 360);(640, 360)
vid320.avi;29.97;90;(480, 272);(480, 272)
vid378.avi;29.97;90;(352, 240);(352, 240)
vid502.avi;30.0;721;(320, 240);(320, 240)
vid305.avi;29.92;120;(320, 240);(320, 240)
vid174.avi;25.0;151;(600, 480);(600, 480)
vid987.avi;25.17;152;(384, 288);(384, 288)
vid1718.avi;47.25;331;(320, 240);(320, 240)
vid746.avi;29.96;120;(1280, 720);(1280, 720)
vid68.avi;29.97;180;(1280, 720);(1280, 720)
vid662.avi;29.97;120;(1280, 720);(1280, 720)
vid1368.avi;29.97;180;(480, 360);(480, 360)
vid1017.avi;29.97;150;(1280, 720);(1280, 720)
vid1196.avi;29.97;450;(320, 240);(320, 240)
vid1662.avi;25.0;601;(384, 288);(384, 288)
vid393.avi;15.0;151;(352, 288);(352, 288)
vid1330.avi;29.97;210;(640, 480);(640, 480)
vid619.avi;30.0;601;(320, 240);(320, 240)
vid532.avi;30.0;241;(480, 360);(480, 360)
vid136.avi;25.0;176;(480, 360);(480, 360)
vid889.avi;29.97;150;(640, 360);(640, 360)
vid351.avi;29.97;150;(1280, 720);(1280, 720)
vid452.avi;25.0;126;(480, 360);(480, 360)
vid65.avi;29.97;210;(540, 360);(540, 360)
vid1815.avi;29.92;360;(720, 480);(720, 480)
vid1668.avi;29.97;300;(640, 480);(640, 480)
vid1809.avi;29.97;210;(640, 480);(640, 480)
vid712.avi;29.97;330;(322, 240);(322, 240)
vid865.avi;29.97;150;(320, 240);(320, 240)
vid1692.avi;25.0;251;(480, 360);(480, 360)
vid638.avi;29.97;180;(1280, 720);(1280, 720)
vid813.avi;29.97;120;(320, 240);(320, 240)
vid1322.avi;29.92;300;(1280, 720);(1280, 720)
vid1899.avi;23.98;192;(608, 256);(608, 256)
vid355.avi;30.0;211;(640, 480);(640, 480)
vid1446.avi;29.97;90;(1280, 720);(1280, 720)
vid1419.avi;29.97;180;(640, 480);(640, 480)
vid1355.avi;10.03;101;(176, 144);(176, 144)
vid600.avi;29.97;300;(320, 240);(320, 240)
vid1289.avi;29.97;330;(1280, 720);(1280, 720)
vid980.avi;23.98;240;(640, 284);(640, 284)
vid953.avi;29.97;150;(1280, 720);(1280, 720)
vid941.avi;25.0;251;(540, 360);(540, 360)
vid1727.avi;30.0;994;(352, 264);(352, 264)
vid144.avi;29.97;240;(640, 480);(640, 480)
vid311.avi;59.92;360;(640, 480);(640, 480)
vid1866.avi;29.5;296;(640, 480);(640, 480)
vid902.avi;30.0;181;(480, 360);(480, 360)
vid701.avi;29.97;150;(1280, 720);(1280, 720)
vid1422.avi;29.92;419;(720, 480);(720, 480)
vid510.avi;29.97;120;(480, 360);(480, 360)
vid926.avi;11.99;84;(320, 240);(320, 240)
vid1386.avi;25.0;126;(480, 360);(480, 360)
vid514.avi;49.75;296;(320, 240);(320, 240)
vid1495.avi;59.92;540;(640, 360);(640, 360)
vid165.avi;25.0;126;(320, 256);(320, 256)
vid1677.avi;25.0;150;(480, 360);(480, 360)
vid321.avi;30.0;301;(640, 480);(640, 480)
vid341.avi;29.97;180;(640, 360);(640, 360)
vid1842.avi;29.97;480;(320, 240);(320, 240)
vid787.avi;29.97;180;(480, 360);(480, 360)
vid33.avi;29.97;300;(320, 240);(320, 240)
vid1078.avi;29.97;300;(720, 480);(720, 480)
vid1064.avi;30.0;301;(320, 240);(320, 240)
vid553.avi;24.0;241;(1280, 720);(1280, 720)
vid947.avi;29.97;150;(1280, 720);(1280, 720)
vid1180.avi;25.0;101;(640, 480);(640, 480)
vid1502.avi;29.92;270;(1920, 1080);(1920, 1080)
vid488.avi;25.0;376;(1920, 1080);(1920, 1080)
vid1105.avi;30.0;301;(640, 480);(640, 480)
vid227.avi;29.97;300;(640, 480);(640, 480)
vid1828.avi;30.0;211;(576, 234);(576, 234)
vid1140.avi;25.0;126;(384, 288);(384, 288)
vid208.avi;30.0;210;(1280, 720);(1280, 720)
vid545.avi;29.97;270;(320, 240);(320, 240)
vid92.avi;29.92;240;(320, 240);(320, 240)
vid1373.avi;25.0;301;(320, 240);(320, 240)
vid141.avi;30.0;541;(240, 180);(240, 180)
vid1204.avi;14.99;375;(320, 240);(320, 240)
vid386.avi;29.97;180;(320, 240);(320, 240)
vid47.avi;28.0;281;(480, 360);(480, 360)
vid1393.avi;30.0;271;(640, 360);(640, 360)
vid1302.avi;25.0;376;(384, 288);(384, 288)
vid815.avi;15.0;286;(352, 288);(352, 288)
vid181.avi;25.0;201;(640, 480);(640, 480)
vid797.avi;29.97;300;(480, 360);(480, 360)
vid1250.avi;59.92;480;(320, 240);(320, 240)
vid1287.avi;29.97;330;(1280, 720);(1280, 720)
vid1402.avi;58.92;943;(480, 360);(480, 360)
vid650.avi;29.92;270;(320, 240);(320, 240)
vid1948.avi;29.97;270;(480, 320);(480, 320)
vid39.avi;29.92;449;(320, 240);(320, 240)
vid820.avi;29.97;150;(1280, 720);(1280, 720)
vid1435.avi;29.97;300;(540, 360);(540, 360)
vid1311.avi;25.0;251;(480, 360);(480, 360)
vid1060.avi;29.97;210;(352, 240);(352, 240)
vid671.avi;29.97;150;(1280, 720);(1280, 720)
vid749.avi;29.97;180;(320, 240);(320, 240)
vid121.avi;29.97;210;(1280, 720);(1280, 720)
vid840.avi;29.92;120;(320, 240);(320, 240)
vid1121.avi;15.0;144;(360, 288);(360, 288)
vid1522.avi;26.42;106;(792, 480);(792, 480)
vid1107.avi;30.0;121;(320, 240);(320, 240)
vid653.avi;29.97;300;(1280, 720);(1280, 720)
vid1075.avi;15.0;151;(320, 240);(320, 240)
vid1052.avi;29.97;300;(1280, 720);(1280, 720)
vid755.avi;30.0;450;(1280, 544);(1280, 544)
vid333.avi;59.92;316;(480, 360);(480, 360)
vid223.avi;29.97;90;(320, 240);(320, 240)
vid1814.avi;25.0;401;(384, 288);(384, 288)
vid1604.avi;15.0;241;(320, 240);(320, 240)
vid704.avi;29.97;300;(480, 360);(480, 360)
vid1638.avi;29.97;180;(640, 360);(640, 360)
vid1011.avi;29.97;450;(1280, 720);(1280, 720)
vid1244.avi;29.97;300;(320, 214);(320, 214)
vid1414.avi;29.97;180;(640, 480);(640, 480)
vid519.avi;29.97;150;(322, 240);(322, 240)
vid1148.avi;29.97;210;(494, 360);(494, 360)
vid860.avi;29.92;300;(320, 240);(320, 240)
vid630.avi;29.92;270;(640, 360);(640, 360)
vid1757.avi;25.0;350;(320, 240);(320, 240)
vid1716.avi;29.97;330;(854, 480);(854, 480)
vid1827.avi;29.97;480;(640, 480);(640, 480)
vid1860.avi;25.0;226;(480, 360);(480, 360)
vid161.avi;59.92;480;(720, 480);(720, 480)
vid1116.avi;30.0;511;(480, 360);(480, 360)
vid1371.avi;30.0;181;(640, 480);(640, 480)
vid1835.avi;30.0;241;(480, 360);(480, 360)
vid1774.avi;29.97;240;(568, 480);(568, 480)
vid180.avi;29.97;450;(1280, 720);(1280, 720)
vid1966.avi;23.98;168;(480, 360);(480, 360)
vid50.avi;30.0;391;(480, 360);(480, 360)
vid1792.avi;30.0;301;(320, 240);(320, 240)
vid1960.avi;24.25;122;(480, 360);(480, 360)
vid497.avi;29.97;420;(480, 360);(480, 360)
vid1833.avi;30.0;511;(640, 480);(640, 480)
vid852.avi;25.0;251;(320, 240);(320, 240)
vid609.avi;29.97;600;(480, 360);(480, 360)
vid466.avi;25.0;151;(640, 360);(640, 360)
vid1438.avi;29.97;270;(320, 240);(320, 240)
vid1773.avi;24.0;169;(1280, 720);(1280, 720)
vid1783.avi;30.0;151;(640, 480);(640, 480)
vid492.avi;25.0;126;(320, 240);(320, 240)
vid798.avi;23.98;96;(640, 480);(640, 480)
vid1327.avi;58.08;581;(640, 480);(640, 480)
vid587.avi;29.97;240;(320, 240);(320, 240)
vid269.avi;29.97;300;(480, 360);(480, 360)
vid1022.avi;29.92;120;(320, 240);(320, 240)
vid961.avi;29.97;270;(640, 360);(640, 360)
vid955.avi;29.97;150;(1280, 720);(1280, 720)
vid1518.avi;30.0;241;(320, 240);(320, 240)
vid1914.avi;30.0;121;(480, 360);(480, 360)
vid618.avi;25.0;176;(480, 360);(480, 360)
vid147.avi;25.0;326;(384, 288);(384, 288)
vid1743.avi;30.0;451;(1280, 720);(1280, 720)
vid984.avi;29.97;150;(320, 240);(320, 240)
vid1031.avi;29.92;599;(320, 240);(320, 240)
vid126.avi;25.0;126;(320, 240);(320, 240)
vid1709.avi;30.0;1411;(480, 360);(480, 360)
vid1082.avi;29.97;930;(486, 360);(486, 360)
vid1937.avi;24.0;337;(544, 360);(544, 360)
vid1626.avi;25.0;426;(480, 360);(480, 360)
vid881.avi;29.97;180;(320, 240);(320, 240)
vid94.avi;29.92;150;(320, 240);(320, 240)
vid757.avi;10.0;117;(640, 480);(640, 480)
vid1845.avi;11.99;108;(320, 240);(320, 240)
vid1176.avi;29.97;180;(480, 270);(480, 270)
vid1282.avi;30.0;211;(320, 240);(320, 240)
vid1556.avi;29.92;210;(480, 360);(480, 360)
vid1358.avi;25.0;251;(640, 328);(640, 328)
vid1710.avi;25.0;376;(320, 240);(320, 240)
vid1307.avi;29.97;150;(1280, 720);(1280, 720)
vid1569.avi;29.97;120;(640, 480);(640, 480)
vid1338.avi;24.0;361;(1280, 720);(1280, 720)
vid1738.avi;25.0;176;(320, 240);(320, 240)
vid626.avi;29.92;120;(640, 360);(640, 360)
vid1758.avi;25.0;501;(608, 256);(608, 256)
vid1087.avi;30.0;451;(640, 480);(640, 480)
vid1821.avi;30.0;451;(320, 240);(320, 240)
vid456.avi;25.0;126;(320, 240);(320, 240)
vid883.avi;30.0;301;(480, 360);(480, 360)
vid751.avi;25.0;676;(384, 288);(384, 288)
vid857.avi;20.0;141;(320, 240);(320, 240)
vid836.avi;29.92;210;(320, 240);(320, 240)
vid1332.avi;29.97;300;(640, 480);(640, 480)
vid21.avi;59.92;1019;(640, 360);(640, 360)
vid1803.avi;25.0;150;(1280, 720);(1280, 720)
vid1950.avi;25.0;401;(600, 480);(600, 480)
vid1694.avi;23.98;168;(480, 272);(480, 272)
vid1873.avi;25.0;226;(512, 288);(512, 288)
vid1771.avi;29.92;210;(1280, 720);(1280, 720)
vid1841.avi;29.97;810;(480, 360);(480, 360)
vid904.avi;29.97;180;(1920, 1080);(1920, 1080)
vid1824.avi;25.0;151;(320, 240);(320, 240)
vid1079.avi;29.92;150;(640, 480);(640, 480)
vid1177.avi;29.97;300;(320, 240);(320, 240)
vid382.avi;59.92;480;(640, 360);(640, 360)
vid150.avi;29.97;240;(320, 240);(320, 240)
vid1707.avi;29.97;150;(480, 360);(480, 360)
vid1624.avi;30.0;181;(320, 240);(320, 240)
vid336.avi;29.97;210;(640, 480);(640, 480)
vid231.avi;29.97;210;(320, 240);(320, 240)
vid1409.avi;25.0;251;(1280, 720);(1280, 720)
vid134.avi;29.97;270;(1280, 720);(1280, 720)
vid874.avi;29.92;300;(1280, 720);(1280, 720)
vid1739.avi;25.0;76;(320, 240);(320, 240)
vid1158.avi;25.0;126;(320, 240);(320, 240)
vid981.avi;15.0;151;(160, 120);(160, 120)
vid327.avi;29.97;360;(640, 360);(640, 360)
vid572.avi;24.0;289;(544, 360);(544, 360)
vid1580.avi;25.0;251;(480, 360);(480, 360)
vid1970.avi;29.58;444;(640, 480);(640, 480)
vid1010.avi;25.0;251;(384, 288);(384, 288)
vid1527.avi;29.97;300;(640, 360);(640, 360)
vid1830.avi;30.0;241;(480, 360);(480, 360)
vid229.avi;25.0;226;(462, 360);(462, 360)
vid1923.avi;29.97;90;(640, 480);(640, 480)
vid1605.avi;15.0;217;(320, 240);(320, 240)
vid726.avi;24.0;241;(320, 240);(320, 240)
vid1124.avi;29.97;240;(480, 360);(480, 360)
vid1741.avi;25.0;101;(320, 240);(320, 240)
vid285.avi;30.0;181;(480, 352);(480, 352)
vid104.avi;30.0;301;(540, 360);(540, 360)
vid758.avi;25.0;301;(480, 360);(480, 360)
vid844.avi;29.92;120;(320, 240);(320, 240)
vid1092.avi;59.92;420;(640, 480);(640, 480)
vid345.avi;29.97;150;(640, 360);(640, 360)
vid936.avi;25.0;551;(640, 270);(640, 270)
vid1399.avi;25.0;176;(480, 360);(480, 360)
vid226.avi;25.0;101;(480, 360);(480, 360)
vid1119.avi;25.0;251;(480, 360);(480, 360)
vid1472.avi;30.0;391;(480, 320);(480, 320)
vid1137.avi;59.92;360;(640, 360);(640, 360)
vid1683.avi;15.0;211;(480, 360);(480, 360)
vid682.avi;23.98;216;(320, 240);(320, 240)
vid1126.avi;29.92;150;(1280, 720);(1280, 720)
vid328.avi;30.0;451;(640, 360);(640, 360)
vid929.avi;14.99;135;(320, 240);(320, 240)
vid531.avi;25.0;276;(160, 112);(160, 112)
vid36.avi;30.0;211;(320, 240);(320, 240)
vid528.avi;29.97;120;(720, 480);(720, 480)
vid1445.avi;29.97;210;(1280, 720);(1280, 720)
vid733.avi;30.0;314;(480, 360);(480, 360)
vid1852.avi;29.92;210;(480, 320);(480, 320)
vid1599.avi;29.97;180;(1280, 720);(1280, 720)
vid179.avi;25.0;251;(320, 240);(320, 240)
vid1024.avi;29.92;419;(320, 240);(320, 240)
vid1002.avi;29.96;390;(480, 360);(480, 360)
vid1945.avi;29.09;175;(480, 360);(480, 360)
vid781.avi;25.0;74;(320, 240);(320, 240)
vid1490.avi;59.92;540;(640, 360);(640, 360)
vid1249.avi;29.92;389;(720, 480);(720, 480)
vid978.avi;23.98;168;(320, 180);(320, 180)
vid1356.avi;29.97;450;(320, 240);(320, 240)
vid866.avi;29.92;300;(1280, 720);(1280, 720)
vid1261.avi;29.96;180;(480, 320);(480, 320)
vid276.avi;30.0;121;(320, 240);(320, 240)
vid245.avi;25.0;151;(640, 480);(640, 480)
vid1862.avi;29.97;300;(640, 360);(640, 360)
vid535.avi;29.92;509;(480, 360);(480, 360)
vid538.avi;30.0;211;(320, 240);(320, 240)
vid1861.avi;25.0;176;(320, 240);(320, 240)
vid608.avi;29.97;1289;(320, 240);(320, 240)
vid202.avi;29.97;240;(480, 360);(480, 360)
vid828.avi;29.97;120;(320, 240);(320, 240)
vid1485.avi;59.92;420;(640, 360);(640, 360)
vid1006.avi;29.97;90;(540, 360);(540, 360)
vid863.avi;29.92;300;(320, 240);(320, 240)
vid308.avi;14.99;135;(320, 240);(320, 240)
vid1150.avi;14.97;255;(352, 288);(352, 288)
vid173.avi;14.99;60;(320, 240);(320, 240)
vid1417.avi;15.0;61;(480, 360);(480, 360)
vid791.avi;30.0;691;(640, 480);(640, 480)
vid1242.avi;25.0;401;(320, 240);(320, 240)
vid1181.avi;25.0;176;(640, 480);(640, 480)
vid307.avi;25.0;151;(640, 300);(640, 300)
vid204.avi;23.98;192;(656, 480);(656, 480)
vid999.avi;23.98;168;(640, 266);(640, 266)
vid1628.avi;29.97;300;(320, 240);(320, 240)
vid289.avi;25.0;951;(320, 240);(320, 240)
vid1452.avi;29.97;360;(320, 240);(320, 240)
vid855.avi;29.97;240;(320, 240);(320, 240)
vid1134.avi;59.92;360;(640, 360);(640, 360)
vid1094.avi;59.92;420;(640, 480);(640, 480)
vid1033.avi;29.92;120;(320, 240);(320, 240)
vid856.avi;25.0;551;(480, 360);(480, 360)
vid14.avi;29.97;120;(320, 240);(320, 240)
vid1607.avi;47.92;480;(320, 240);(320, 240)
vid395.avi;24.99;325;(1280, 720);(1280, 720)
vid1457.avi;29.92;150;(640, 288);(640, 288)
vid762.avi;23.98;360;(480, 360);(480, 360)
vid487.avi;25.0;176;(1920, 1080);(1920, 1080)
vid1467.avi;29.97;180;(540, 360);(540, 360)
vid37.avi;29.97;330;(720, 480);(720, 480)
vid1794.avi;29.97;240;(320, 240);(320, 240)
vid1016.avi;29.97;150;(1280, 720);(1280, 720)
vid1881.avi;29.97;390;(640, 480);(640, 480)
vid1762.avi;29.97;180;(480, 360);(480, 360)
vid1403.avi;29.97;210;(320, 240);(320, 240)
vid696.avi;25.0;451;(600, 480);(600, 480)
vid310.avi;29.08;233;(480, 360);(480, 360)
vid350.avi;29.97;240;(1280, 720);(1280, 720)
vid154.avi;29.97;120;(640, 272);(640, 272)
vid851.avi;15.0;91;(320, 240);(320, 240)
vid859.avi;30.0;301;(640, 480);(640, 480)
vid850.avi;29.97;150;(1920, 1080);(1920, 1080)
vid1846.avi;25.0;501;(640, 480);(640, 480)
vid1053.avi;30.0;241;(320, 240);(320, 240)
vid732.avi;25.0;351;(640, 304);(640, 304)
vid1956.avi;25.0;151;(480, 360);(480, 360)
vid4.avi;29.97;210;(1280, 720);(1280, 720)
vid511.avi;29.97;210;(1280, 720);(1280, 720)
vid1483.avi;59.92;360;(640, 360);(640, 360)
vid490.avi;59.92;1798;(320, 180);(320, 180)
vid817.avi;30.0;241;(640, 360);(640, 360)
vid1173.avi;24.83;86;(434, 326);(434, 326)
vid699.avi;29.97;240;(1280, 720);(1280, 720)
vid256.avi;29.97;180;(640, 350);(640, 350)
vid101.avi;29.92;150;(320, 240);(320, 240)
vid1340.avi;15.0;136;(352, 288);(352, 288)
vid54.avi;29.97;270;(640, 360);(640, 360)
vid1930.avi;29.97;210;(1280, 720);(1280, 720)
vid140.avi;29.92;419;(480, 272);(480, 272)
vid301.avi;29.92;210;(320, 240);(320, 240)
vid142.avi;29.97;300;(320, 240);(320, 240)
vid55.avi;29.97;180;(640, 360);(640, 360)
vid1807.avi;49.92;300;(854, 480);(854, 480)
vid547.avi;25.0;101;(1920, 1080);(1920, 1080)
vid1843.avi;24.0;217;(480, 360);(480, 360)
vid1591.avi;25.0;126;(320, 240);(320, 240)
vid1484.avi;59.92;240;(640, 360);(640, 360)
vid944.avi;25.0;526;(320, 180);(320, 180)
vid1609.avi;29.97;150;(320, 240);(320, 240)
vid740.avi;30.0;451;(480, 360);(480, 360)
vid1871.avi;29.92;120;(448, 336);(448, 336)
vid446.avi;30.0;301;(640, 480);(640, 480)
vid364.avi;25.0;101;(480, 360);(480, 360)
vid596.avi;30.0;271;(320, 240);(320, 240)
vid343.avi;29.97;150;(640, 360);(640, 360)
vid1785.avi;29.97;210;(720, 480);(720, 480)
vid29.avi;29.92;150;(480, 360);(480, 360)
vid644.avi;25.0;151;(384, 288);(384, 288)
vid313.avi;25.0;126;(640, 480);(640, 480)
vid1183.avi;25.0;101;(640, 480);(640, 480)
vid602.avi;29.97;150;(1280, 720);(1280, 720)
vid1728.avi;30.0;421;(640, 480);(640, 480)
vid1673.avi;15.0;121;(320, 240);(320, 240)
vid899.avi;25.0;151;(384, 288);(384, 288)
vid1715.avi;30.0;301;(480, 360);(480, 360)
vid910.avi;59.92;600;(320, 240);(320, 240)
vid1706.avi;29.97;90;(320, 240);(320, 240)
vid401.avi;29.97;210;(320, 240);(320, 240)
vid212.avi;30.0;481;(480, 360);(480, 360)
vid214.avi;30.0;451;(480, 360);(480, 360)
vid930.avi;14.99;195;(320, 240);(320, 240)
vid243.avi;25.0;201;(640, 480);(640, 480)
vid901.avi;25.0;151;(1280, 720);(1280, 720)
vid1309.avi;30.0;421;(480, 360);(480, 360)
vid1875.avi;30.0;271;(480, 360);(480, 360)
vid20.avi;59.92;360;(640, 360);(640, 360)
vid1747.avi;29.97;300;(320, 240);(320, 240)
vid1408.avi;25.0;176;(854, 480);(854, 480)
vid1725.avi;25.0;276;(640, 480);(640, 480)
vid613.avi;29.97;180;(480, 360);(480, 360)
vid1529.avi;29.0;233;(320, 240);(320, 240)
vid976.avi;15.0;61;(160, 120);(160, 120)
vid1510.avi;29.97;150;(1280, 720);(1280, 720)
vid649.avi;14.99;90;(320, 240);(320, 240)
vid198.avi;30.0;211;(480, 360);(480, 360)
vid1076.avi;30.0;331;(320, 240);(320, 240)
vid647.avi;29.96;300;(1280, 720);(1280, 720)
vid1817.avi;29.97;240;(640, 480);(640, 480)
vid1478.avi;59.92;360;(640, 360);(640, 360)
vid903.avi;15.0;226;(352, 288);(352, 288)
vid481.avi;25.0;76;(320, 240);(320, 240)
vid1455.avi;29.97;150;(632, 478);(632, 478)
vid48.avi;12.5;123;(320, 240);(320, 240)
vid304.avi;29.92;150;(320, 240);(320, 240)
vid1312.avi;29.97;1169;(480, 360);(480, 360)
vid467.avi;29.92;419;(640, 272);(640, 272)
vid1744.avi;29.97;1049;(854, 480);(854, 480)
vid28.avi;23.98;192;(854, 470);(854, 470)
vid82.avi;15.0;121;(320, 240);(320, 240)
vid1530.avi;29.97;150;(320, 240);(320, 240)
vid709.avi;29.97;120;(854, 480);(854, 480)
vid1362.avi;14.0;113;(320, 240);(320, 240)
vid1106.avi;46.42;304;(480, 360);(480, 360)
vid498.avi;29.97;300;(320, 240);(320, 240)
vid1720.avi;29.97;150;(480, 360);(480, 360)
vid268.avi;23.98;120;(640, 272);(640, 272)
vid1666.avi;30.0;271;(640, 480);(640, 480)
vid517.avi;23.98;144;(854, 480);(854, 480)
vid462.avi;29.97;210;(640, 360);(640, 360)
vid1182.avi;25.0;126;(640, 480);(640, 480)
vid114.avi;14.99;150;(320, 240);(320, 240)
vid72.avi;29.97;180;(1280, 720);(1280, 720)
vid801.avi;29.97;870;(1280, 720);(1280, 720)
vid522.avi;15.0;106;(320, 240);(320, 240)
vid115.avi;29.97;120;(320, 240);(320, 240)
vid1772.avi;29.97;870;(320, 214);(320, 214)
vid731.avi;29.97;90;(320, 240);(320, 240)
vid1826.avi;25.0;126;(384, 288);(384, 288)
vid177.avi;15.0;166;(320, 240);(320, 240)
vid109.avi;29.97;240;(654, 480);(654, 480)
vid1237.avi;25.0;401;(480, 360);(480, 360)
vid1898.avi;23.98;144;(608, 256);(608, 256)
vid560.avi;14.99;150;(320, 240);(320, 240)
vid374.avi;29.97;180;(640, 480);(640, 480)
vid436.avi;25.0;251;(854, 470);(854, 470)
vid803.avi;30.0;271;(480, 360);(480, 360)
vid970.avi;29.92;300;(1920, 1080);(1920, 1080)
vid1963.avi;25.0;326;(480, 360);(480, 360)
vid1680.avi;25.0;76;(1280, 720);(1280, 720)
vid1131.avi;30.0;181;(480, 360);(480, 360)
vid670.avi;29.97;210;(1280, 720);(1280, 720)
vid1155.avi;25.0;376;(854, 480);(854, 480)
vid938.avi;23.97;240;(1280, 720);(1280, 720)
vid814.avi;14.99;225;(320, 240);(320, 240)
vid419.avi;29.97;1422;(480, 360);(480, 360)
vid1949.avi;29.97;390;(480, 320);(480, 320)
vid654.avi;30.0;241;(854, 478);(854, 478)
vid995.avi;29.92;150;(480, 360);(480, 360)
vid1120.avi;57.42;460;(480, 360);(480, 360)
vid271.avi;15.0;151;(320, 240);(320, 240)
vid793.avi;30.0;211;(1280, 720);(1280, 720)
vid1186.avi;25.0;501;(600, 480);(600, 480)
vid1800.avi;24.0;265;(320, 240);(320, 240)
vid578.avi;29.97;150;(1280, 720);(1280, 720)
vid476.avi;14.99;480;(384, 288);(384, 288)
vid1606.avi;30.0;301;(540, 360);(540, 360)
vid1767.avi;29.97;330;(540, 360);(540, 360)
vid75.avi;29.97;210;(1280, 720);(1280, 720)
vid526.avi;30.0;301;(320, 240);(320, 240)
vid1448.avi;29.97;330;(640, 480);(640, 480)
vid1084.avi;29.97;270;(486, 360);(486, 360)
vid1831.avi;24.0;361;(640, 360);(640, 360)
vid1661.avi;59.92;899;(854, 480);(854, 480)
vid1188.avi;29.92;360;(640, 480);(640, 480)
vid846.avi;59.92;1079;(480, 360);(480, 360)
vid352.avi;15.0;211;(320, 240);(320, 240)
vid558.avi;30.0;241;(320, 240);(320, 240)
vid1437.avi;29.97;600;(640, 480);(640, 480)
vid877.avi;29.92;150;(320, 240);(320, 240)
vid1853.avi;25.0;626;(640, 358);(640, 358)
vid410.avi;29.97;180;(320, 240);(320, 240)
vid1157.avi;24.0;193;(480, 360);(480, 360)
vid684.avi;25.0;501;(480, 360);(480, 360)
vid540.avi;23.98;240;(1280, 720);(1280, 720)
vid1073.avi;25.0;146;(320, 240);(320, 240)
vid1351.avi;15.08;197;(320, 240);(320, 240)
vid77.avi;29.97;150;(1280, 720);(1280, 720)
vid1577.avi;25.0;326;(320, 240);(320, 240)
vid1447.avi;29.97;300;(640, 352);(640, 352)
vid1346.avi;25.0;51;(854, 480);(854, 480)
vid402.avi;29.97;270;(320, 240);(320, 240)
vid1418.avi;29.97;900;(640, 480);(640, 480)
vid680.avi;29.97;150;(854, 474);(854, 474)
vid807.avi;29.97;330;(640, 480);(640, 480)
vid1724.avi;29.97;120;(320, 240);(320, 240)
vid1037.avi;29.92;120;(320, 240);(320, 240)
vid1096.avi;12.0;181;(384, 288);(384, 288)
vid1941.avi;29.97;750;(720, 480);(720, 480)
vid1019.avi;29.97;180;(1280, 720);(1280, 720)
vid1099.avi;29.92;150;(1280, 720);(1280, 720)
vid1641.avi;29.97;180;(540, 360);(540, 360)
vid286.avi;25.0;226;(366, 206);(366, 206)
vid1926.avi;25.0;251;(480, 360);(480, 360)
vid1394.avi;15.0;122;(320, 240);(320, 240)
vid1558.avi;30.0;181;(352, 264);(352, 264)
vid1736.avi;25.0;126;(320, 240);(320, 240)
vid1339.avi;29.97;240;(960, 720);(960, 720)
vid1920.avi;24.08;217;(480, 360);(480, 360)
vid1612.avi;30.0;181;(320, 240);(320, 240)
vid754.avi;15.0;241;(320, 240);(320, 240)
vid1162.avi;30.0;271;(540, 360);(540, 360)
vid1565.avi;14.99;90;(320, 180);(320, 180)
vid1163.avi;30.0;181;(320, 240);(320, 240)
vid812.avi;25.0;301;(360, 288);(360, 288)
vid1027.avi;29.92;120;(320, 240);(320, 240)
vid1802.avi;15.0;211;(320, 240);(320, 240)
vid685.avi;29.97;360;(480, 360);(480, 360)
vid1810.avi;25.0;201;(450, 360);(450, 360)
vid483.avi;15.0;151;(320, 240);(320, 240)
vid123.avi;29.97;450;(1280, 720);(1280, 720)
vid234.avi;30.0;211;(320, 240);(320, 240)
vid1275.avi;29.97;450;(640, 360);(640, 360)
vid252.avi;29.97;180;(576, 324);(576, 324)
vid1156.avi;59.92;600;(290, 240);(290, 240)
vid784.avi;30.0;241;(320, 240);(320, 240)
vid1459.avi;30.0;391;(320, 240);(320, 240)
vid437.avi;29.97;180;(540, 360);(540, 360)
vid583.avi;29.97;240;(1280, 720);(1280, 720)
vid616.avi;15.0;406;(320, 240);(320, 240)
vid738.avi;30.0;999;(480, 360);(480, 360)
vid1432.avi;59.92;260;(320, 240);(320, 240)
vid257.avi;15.0;316;(320, 240);(320, 240)
vid993.avi;29.92;210;(480, 360);(480, 360)
vid542.avi;29.97;210;(320, 240);(320, 240)
vid1812.avi;23.98;240;(320, 240);(320, 240)
vid1917.avi;14.99;90;(320, 240);(320, 240)
vid1449.avi;29.97;330;(630, 468);(630, 468)
vid769.avi;25.0;151;(640, 480);(640, 480)
vid322.avi;15.0;151;(320, 240);(320, 240)
vid1102.avi;25.0;276;(450, 360);(450, 360)
vid705.avi;29.97;180;(480, 360);(480, 360)
vid391.avi;30.0;361;(480, 360);(480, 360)
vid1081.avi;29.97;240;(640, 480);(640, 480)
vid1684.avi;29.97;210;(480, 360);(480, 360)
vid1135.avi;59.92;240;(640, 360);(640, 360)
vid1199.avi;29.97;180;(1280, 720);(1280, 720)
vid220.avi;29.97;120;(720, 480);(720, 480)
vid451.avi;46.42;325;(480, 360);(480, 360)
vid23.avi;59.92;720;(640, 360);(640, 360)
vid763.avi;25.0;126;(480, 360);(480, 360)
vid1791.avi;30.0;151;(320, 240);(320, 240)
vid1396.avi;29.92;150;(640, 480);(640, 480)
vid1829.avi;30.0;181;(480, 360);(480, 360)
vid1494.avi;59.92;240;(640, 360);(640, 360)
vid1729.avi;29.97;450;(320, 240);(320, 240)
vid1280.avi;59.92;480;(720, 480);(720, 480)
vid1786.avi;29.92;150;(1280, 720);(1280, 720)
vid199.avi;30.0;241;(480, 360);(480, 360)
vid1616.avi;29.97;330;(1280, 720);(1280, 720)
vid468.avi;25.0;151;(640, 480);(640, 480)
vid80.avi;29.97;150;(1280, 720);(1280, 720)
vid806.avi;49.92;333;(854, 480);(854, 480)
vid1328.avi;30.0;211;(320, 240);(320, 240)
vid759.avi;15.0;121;(320, 240);(320, 240)
vid1062.avi;24.0;289;(544, 360);(544, 360)
vid1389.avi;29.97;180;(320, 240);(320, 240)
vid1266.avi;25.0;251;(480, 360);(480, 360)
vid1450.avi;29.92;150;(640, 480);(640, 480)
vid1512.avi;29.97;210;(1280, 720);(1280, 720)
vid780.avi;29.97;300;(1280, 720);(1280, 720)
vid1601.avi;15.0;121;(320, 240);(320, 240)
vid879.avi;15.0;376;(480, 360);(480, 360)
vid1721.avi;25.0;326;(320, 240);(320, 240)
vid365.avi;29.92;150;(640, 480);(640, 480)
vid773.avi;15.0;211;(320, 240);(320, 240)
vid689.avi;29.97;300;(320, 240);(320, 240)
vid1686.avi;30.0;271;(320, 240);(320, 240)
vid389.avi;29.97;150;(1280, 720);(1280, 720)
vid1879.avi;29.97;120;(320, 240);(320, 240)
vid1404.avi;25.0;301;(320, 240);(320, 240)
vid1379.avi;29.97;150;(640, 360);(640, 360)
vid1659.avi;24.0;409;(1920, 1080);(1920, 1080)
vid1233.avi;29.97;90;(642, 480);(642, 480)
vid1516.avi;30.0;181;(1280, 720);(1280, 720)
vid597.avi;25.0;201;(480, 360);(480, 360)
vid277.avi;29.97;180;(320, 240);(320, 240)
vid1549.avi;30.0;181;(640, 480);(640, 480)
vid148.avi;29.92;210;(320, 240);(320, 240)
vid810.avi;15.0;286;(320, 240);(320, 240)
vid421.avi;29.97;180;(320, 240);(320, 240)
vid42.avi;29.92;240;(320, 240);(320, 240)
vid465.avi;47.92;336;(320, 240);(320, 240)
vid329.avi;25.0;108;(480, 360);(480, 360)
vid283.avi;29.97;150;(1280, 720);(1280, 720)
vid1050.avi;29.97;510;(512, 288);(512, 288)
vid962.avi;29.97;210;(640, 360);(640, 360)
vid1611.avi;25.0;226;(480, 360);(480, 360)
vid1269.avi;29.97;150;(320, 240);(320, 240)
vid822.avi;29.97;90;(640, 480);(640, 480)
vid1290.avi;25.0;426;(480, 360);(480, 360)
vid700.avi;29.97;180;(1280, 720);(1280, 720)
vid1276.avi;29.97;330;(320, 240);(320, 240)
vid293.avi;29.92;479;(320, 240);(320, 240)
vid592.avi;29.97;150;(320, 240);(320, 240)
vid1005.avi;25.0;126;(640, 480);(640, 480)
vid251.avi;30.0;113;(640, 480);(640, 480)
vid1465.avi;30.0;571;(1280, 720);(1280, 720)
vid1932.avi;15.0;451;(176, 144);(176, 144)
vid721.avi;25.0;126;(640, 360);(640, 360)
vid2.avi;15.0;46;(320, 240);(320, 240)
vid1837.avi;25.0;826;(480, 360);(480, 360)
vid449.avi;30.0;571;(320, 240);(320, 240)
vid1546.avi;29.97;300;(1920, 1080);(1920, 1080)
vid469.avi;30.0;331;(854, 480);(854, 480)
vid108.avi;29.92;330;(854, 480);(854, 480)
vid954.avi;29.97;150;(1280, 720);(1280, 720)
vid1823.avi;15.0;151;(320, 240);(320, 240)
vid1428.avi;59.92;420;(480, 360);(480, 360)
vid1202.avi;29.97;540;(320, 240);(320, 240)
vid1943.avi;29.97;180;(1280, 720);(1280, 720)
vid1194.avi;29.97;300;(1280, 720);(1280, 720)
vid589.avi;25.0;151;(480, 360);(480, 360)
vid1553.avi;30.0;211;(640, 480);(640, 480)
vid53.avi;29.97;240;(640, 360);(640, 360)
vid1114.avi;30.0;271;(320, 240);(320, 240)
vid1959.avi;29.92;150;(480, 360);(480, 360)
vid131.avi;25.0;226;(480, 350);(480, 350)
vid44.avi;29.92;150;(320, 240);(320, 240)
vid111.avi;29.92;300;(1280, 720);(1280, 720)
vid1433.avi;59.92;231;(320, 240);(320, 240)
vid230.avi;29.97;930;(320, 240);(320, 240)
vid1443.avi;25.0;376;(640, 480);(640, 480)
vid24.avi;59.92;360;(640, 360);(640, 360)
vid1111.avi;29.97;180;(320, 214);(320, 214)
vid440.avi;29.97;180;(480, 360);(480, 360)
vid942.avi;24.92;250;(320, 220);(320, 220)
vid368.avi;23.97;120;(1280, 720);(1280, 720)
vid1323.avi;23.98;384;(640, 360);(640, 360)
vid1900.avi;23.98;96;(608, 256);(608, 256)
vid778.avi;30.0;601;(480, 360);(480, 360)
vid403.avi;29.97;210;(320, 240);(320, 240)
vid384.avi;59.92;480;(640, 360);(640, 360)
vid518.avi;59.92;1259;(854, 480);(854, 480)
vid294.avi;29.92;120;(320, 240);(320, 240)
vid1470.avi;25.0;451;(320, 240);(320, 240)
vid338.avi;29.97;150;(640, 360);(640, 360)
vid132.avi;30.0;211;(640, 480);(640, 480)
vid1769.avi;23.0;162;(640, 288);(640, 288)
vid1543.avi;29.97;150;(1280, 720);(1280, 720)
vid1343.avi;29.97;270;(1280, 720);(1280, 720)
vid5.avi;29.92;150;(640, 360);(640, 360)
vid1061.avi;29.97;300;(320, 240);(320, 240)
vid1128.avi;25.0;201;(320, 240);(320, 240)
vid1210.avi;29.97;570;(656, 480);(656, 480)
vid376.avi;29.97;150;(560, 316);(560, 316)
vid1169.avi;25.0;251;(640, 480);(640, 480)
vid1498.avi;59.92;240;(640, 360);(640, 360)
vid1633.avi;29.97;210;(640, 360);(640, 360)
vid533.avi;30.0;301;(320, 240);(320, 240)
vid1405.avi;29.97;210;(480, 270);(480, 270)
vid864.avi;29.97;300;(320, 240);(320, 240)
vid1305.avi;29.92;60;(1280, 720);(1280, 720)
vid1344.avi;29.97;300;(1280, 720);(1280, 720)
vid332.avi;29.97;90;(640, 464);(640, 464)
vid725.avi;29.97;88;(480, 360);(480, 360)
vid1383.avi;29.97;330;(320, 240);(320, 240)
vid641.avi;25.0;151;(384, 288);(384, 288)
vid1655.avi;29.97;330;(720, 480);(720, 480)
vid819.avi;15.0;91;(320, 240);(320, 240)
vid1674.avi;29.92;120;(490, 360);(490, 360)
vid1463.avi;30.0;391;(320, 240);(320, 240)
vid255.avi;25.0;376;(448, 218);(448, 218)
vid49.avi;30.0;511;(480, 360);(480, 360)
vid1263.avi;30.0;91;(480, 360);(480, 360)
vid1554.avi;30.0;151;(640, 480);(640, 480)
vid1411.avi;59.92;240;(640, 480);(640, 480)
vid775.avi;25.0;151;(1920, 1080);(1920, 1080)
vid761.avi;23.98;240;(480, 360);(480, 360)
vid1040.avi;25.0;251;(640, 480);(640, 480)
vid253.avi;59.92;1798;(322, 240);(322, 240)
vid445.avi;59.92;540;(640, 480);(640, 480)
vid1765.avi;25.0;576;(480, 360);(480, 360)
vid617.avi;15.0;361;(480, 360);(480, 360)
vid1071.avi;29.97;210;(480, 360);(480, 360)
vid742.avi;29.97;210;(640, 480);(640, 480)
vid777.avi;29.97;270;(320, 240);(320, 240)
vid1678.avi;30.0;241;(480, 360);(480, 360)
vid669.avi;29.97;150;(1280, 720);(1280, 720)
vid183.avi;25.0;401;(320, 240);(320, 240)
vid1469.avi;25.0;876;(320, 240);(320, 240)
vid1122.avi;24.0;241;(544, 360);(544, 360)
vid1961.avi;24.25;98;(480, 360);(480, 360)
vid1424.avi;25.0;251;(480, 360);(480, 360)
vid233.avi;15.0;331;(320, 240);(320, 240)
vid1911.avi;15.0;136;(480, 360);(480, 360)
vid1574.avi;29.92;240;(320, 176);(320, 176)
vid914.avi;29.97;240;(720, 480);(720, 480)
vid1291.avi;30.0;343;(480, 360);(480, 360)
vid1283.avi;25.0;376;(384, 288);(384, 288)
vid1627.avi;25.0;326;(480, 360);(480, 360)
vid1279.avi;59.92;660;(720, 480);(720, 480)
vid848.avi;29.92;300;(1280, 720);(1280, 720)
vid1431.avi;25.0;251;(600, 480);(600, 480)
vid210.avi;30.0;121;(640, 480);(640, 480)
vid1557.avi;25.0;176;(640, 368);(640, 368)
vid130.avi;29.97;336;(540, 360);(540, 360)
vid1056.avi;30.0;421;(1920, 1080);(1920, 1080)
vid1321.avi;30.0;181;(320, 240);(320, 240)
vid892.avi;25.0;351;(640, 480);(640, 480)
vid499.avi;29.97;300;(320, 240);(320, 240)
vid1578.avi;29.97;270;(720, 480);(720, 480)
vid1334.avi;29.96;1401;(480, 320);(480, 320)
vid1595.avi;39.25;1280;(320, 240);(320, 240)
vid1353.avi;24.0;337;(320, 212);(320, 212)
vid1245.avi;29.97;150;(320, 240);(320, 240)
vid830.avi;29.97;360;(640, 480);(640, 480)
vid52.avi;29.97;360;(640, 360);(640, 360)
